F1,fam
0.7419354838709677,5s
0.9428571428571428,5s
0.7000000000000001,5s
0.71875,5s
0.8,5s
0.5714285714285715,5s
0.5185185185185186,5s
0.8450704225352113,5s
0.9577464788732395,5s
0.3283582089552239,5s
0.9117647058823529,5s
0.6956521739130436,5s
0.6842105263157895,5s
0.7384615384615384,5s
0.955223880597015,5s
0.6415094339622641,5s
0.9577464788732395,5s
0.918918918918919,5s
0.5862068965517241,5s
0.9014084507042254,5s
0.71875,5s
0.6756756756756757,5s
0.5185185185185185,5s
0.5151515151515151,5s
0.9577464788732395,5s
0.8421052631578948,5s
0.8307692307692308,5s
0.9850746268656716,5s
0.4927536231884059,5s
0.29850746268656714,5s
0.9014084507042254,5s
0.608695652173913,5s
0.8767123287671232,5s
0.9315068493150686,5s
0.9350649350649352,5s
0.5573770491803278,5s
0.8450704225352113,5s
0.8732394366197184,5s
0.7941176470588235,5s
0.5194805194805195,5s
0.71875,5s
0.35616438356164387,5s
0.9166666666666667,5s
0.8378378378378378,5s
0.25,5s
0.9066666666666667,5s
0.9142857142857143,5s
0.8767123287671232,5s
0.626865671641791,5s
0.6060606060606061,5s
0.911764705882353,5s
0.8,5s
0.7692307692307692,5s
0.8157894736842105,5s
0.40579710144927533,5s
0.608695652173913,5s
0.8732394366197184,5s
0.33333333333333337,5s
0.6329113924050633,5s
0.23529411764705882,5s
0.735294117647059,5s
0.8108108108108109,5s
0.9411764705882353,5s
0.7837837837837838,5s
0.8695652173913043,5s
0.5797101449275361,5s
0.8732394366197184,5s
0.8732394366197184,5s
0.8219178082191781,5s
0.7692307692307692,5s
0.7368421052631577,5s
0.7567567567567569,5s
0.7532467532467533,5s
0.8461538461538461,5s
0.8059701492537314,5s
0.6571428571428571,5s
0.2692307692307692,5s
0.9142857142857143,5s
0.35714285714285715,5s
0.7826086956521738,5s
0.7368421052631577,5s
0.7666666666666666,5s
0.8732394366197184,5s
0.8918918918918919,5s
0.8405797101449276,5s
0.8529411764705883,5s
0.7826086956521738,5s
0.7536231884057971,5s
0.0,5s
0.8823529411764706,5s
0.8857142857142858,5s
0.46511627906976744,5s
0.721311475409836,5s
0.9166666666666667,5s
0.6875,5s
0.7499999999999999,5s
0.7096774193548386,5s
0.7837837837837838,5s
0.6944444444444445,5s
0.8260869565217392,5s
0.47619047619047616,5s
0.5194805194805195,5s
0.23728813559322037,5s
0.6666666666666666,5s
0.7647058823529412,5s
0.3333333333333333,5s
0.6461538461538462,5s
0.8,5s
0.9705882352941176,5s
0.4666666666666667,5s
0.9577464788732395,5s
0.47457627118644075,5s
0.5194805194805195,5s
0.7999999999999999,5s
0.7792207792207793,5s
0.5538461538461539,5s
0.3384615384615384,5s
0.9850746268656716,5s
0.19444444444444445,5s
0.4067796610169491,5s
0.945945945945946,5s
0.746268656716418,5s
0.4126984126984127,5s
0.9295774647887325,5s
0.8695652173913043,5s
0.8000000000000002,5s
0.782608695652174,5s
0.23188405797101447,5s
0.3478260869565218,5s
0.6153846153846154,5s
0.8695652173913043,5s
0.9705882352941176,5s
0.23188405797101447,5s
0.9428571428571428,5s
0.9444444444444444,5s
0.8169014084507044,5s
0.8101265822784809,5s
0.8169014084507042,5s
0.8656716417910447,5s
0.875,5s
0.7878787878787878,5s
0.7792207792207793,5s
0.7741935483870968,5s
0.27272727272727276,5s
0.7894736842105263,5s
0.9014084507042254,5s
0.9315068493150686,5s
0.9275362318840579,5s
0.8450704225352113,5s
0.9275362318840579,5s
0.9117647058823528,5s
0.3466666666666667,5s
0.4666666666666667,5s
0.676056338028169,5s
0.8857142857142858,5s
0.3478260869565218,5s
0.8311688311688312,5s
0.676470588235294,5s
0.5806451612903225,5s
0.7540983606557377,5s
0.8955223880597014,5s
0.875,5s
0.8732394366197184,5s
0.576923076923077,5s
0.5194805194805195,5s
0.7792207792207793,5s
0.8157894736842105,5s
0.9444444444444444,5s
0.40579710144927533,5s
0.8219178082191781,5s
0.9253731343283583,5s
0.5,5s
0.861111111111111,5s
0.7733333333333333,5s
0.8421052631578948,5s
0.9411764705882354,5s
0.7894736842105262,5s
0.8275862068965518,5s
0.9117647058823528,5s
0.9705882352941176,5s
0.888888888888889,5s
0.7894736842105262,5s
0.8450704225352113,5s
0.9333333333333333,5s
0.7647058823529412,5s
0.8857142857142857,5s
0.6027397260273972,5s
0.9714285714285714,5s
0.8571428571428571,5s
0.48484848484848486,5s
0.9577464788732395,5s
0.945945945945946,5s
0.7435897435897435,5s
0.8732394366197184,5s
0.625,5s
0.7301587301587302,5s
0.52,5s
0.9166666666666667,5s
0.8767123287671232,5s
0.8955223880597014,5s
0.8405797101449276,5s
0.75,5s
0.6774193548387097,5s
0.7352941176470589,5s
0.28,5s
0.823529411764706,5s
0.30303030303030304,5s
0.5084745762711863,5s
0.8253968253968254,5s
0.955223880597015,5s
0.36619718309859156,5s
0.9565217391304348,5s
0.9714285714285714,5s
0.6086956521739131,5s
0.7076923076923077,5s
0.8767123287671232,5s
0.6666666666666667,5s
0.7931034482758621,5s
0.9577464788732395,5s
0.26865671641791045,5s
0.823529411764706,5s
0.6666666666666667,5s
0.787878787878788,5s
0.9014084507042254,5s
0.8852459016393442,5s
0.8,5s
0.11764705882352941,5s
0.6268656716417911,5s
0.8059701492537314,5s
0.9444444444444445,5s
0.2777777777777778,5s
0.411764705882353,5s
0.8311688311688312,5s
0.9600000000000001,5s
0.24657534246575344,5s
0.7397260273972601,5s
0.8253968253968255,5s
0.5853658536585367,5s
0.6268656716417911,5s
0.7826086956521738,5s
0.6268656716417911,5s
0.8888888888888888,5s
0.2571428571428571,5s
0.2909090909090909,5s
0.6567164179104478,5s
0.9523809523809523,5s
0.65625,5s
0.253968253968254,5s
0.7692307692307692,5s
0.6808510638297872,5s
0.6268656716417911,5s
0.9142857142857143,5s
0.9117647058823528,5s
0.9428571428571428,5s
0.71875,5s
0.2368421052631579,5s
0.7199999999999999,5s
0.6133333333333333,5s
0.6499999999999999,5s
0.5925925925925926,5s
0.4776119402985075,5s
0.7631578947368421,5s
0.9253731343283582,5s
0.8421052631578948,5s
0.8732394366197184,5s
0.8648648648648649,5s
0.9714285714285714,5s
0.2058823529411765,5s
0.47058823529411764,5s
0.49275362318840576,5s
0.3050847457627119,5s
0.8857142857142857,5s
0.9428571428571428,5s
0.9295774647887323,5s
0.64,5s
0.7792207792207793,5s
0.9333333333333332,5s
0.9428571428571428,5s
0.7792207792207793,5s
0.732394366197183,5s
0.8823529411764706,5s
0.88,5s
0.9411764705882354,5s
0.8800000000000001,5s
0.9428571428571428,5s
0.37735849056603776,5s
0.8857142857142857,5s
0.9393939393939394,5s
0.7761194029850745,5s
0.5079365079365079,5s
0.39999999999999997,5s
0.8358208955223881,5s
0.8421052631578948,5s
0.7272727272727273,5s
0.7466666666666666,5s
0.8421052631578948,5s
0.9315068493150686,5s
0.7466666666666666,5s
0.8648648648648649,5s
0.2807017543859649,5s
0.43478260869565216,5s
0.9411764705882354,5s
0.9295774647887323,5s
0.37288135593220334,5s
0.5423728813559322,5s
0.9142857142857143,5s
0.8857142857142857,5s
0.6666666666666666,5s
0.5490196078431373,5s
0.619718309859155,5s
0.7792207792207793,5s
0.7792207792207793,5s
0.7671232876712328,5s
0.8275862068965518,5s
0.9014084507042254,5s
0.4,5s
0.9315068493150686,5s
0.29032258064516125,5s
0.7169811320754716,5s
0.608695652173913,5s
0.8205128205128206,5s
0.45901639344262296,5s
0.29411764705882354,5s
0.9333333333333333,5s
0.8059701492537314,5s
0.2222222222222222,5s
0.8732394366197184,5s
0.30303030303030304,5s
0.7575757575757576,5s
0.7368421052631577,5s
0.14084507042253522,5s
0.4897959183673469,5s
0.9428571428571428,5s
0.8307692307692308,5s
0.5714285714285713,5s
0.7837837837837838,5s
0.767123287671233,5s
0.7692307692307692,5s
0.8461538461538461,5s
0.48387096774193544,5s
0.8358208955223881,5s
0.9333333333333332,5s
0.9722222222222222,5s
0.7792207792207793,5s
0.9444444444444444,5s
0.7532467532467533,5s
0.7837837837837838,5s
0.9393939393939394,5s
0.7792207792207793,5s
0.7945205479452054,5s
0.5079365079365079,5s
0.8000000000000002,5s
0.7837837837837838,5s
0.9253731343283583,5s
0.0,5s
0.35294117647058826,5s
0.8169014084507041,5s
0.4776119402985075,5s
0.958904109589041,5s
0.26666666666666666,5s
0.5263157894736842,5s
0.7272727272727272,5s
0.9295774647887323,5s
0.8857142857142857,5s
0.9333333333333333,5s
0.7945205479452055,5s
0.7435897435897435,5s
0.6774193548387097,5s
0.6923076923076924,5s
0.8823529411764706,5s
0.847457627118644,5s
0.8108108108108109,5s
0.9428571428571428,5s
0.64,5s
0.8857142857142858,5s
0.8656716417910447,5s
0.0,5s
0.8799999999999999,5s
0.9705882352941176,5s
0.676923076923077,5s
0.75,5s
0.7941176470588235,5s
0.6571428571428571,5s
0.5172413793103449,5s
0.8695652173913043,5s
0.6567164179104478,5s
0.8450704225352113,5s
0.8108108108108109,5s
0.6666666666666665,5s
0.7368421052631577,5s
0.49180327868852464,5s
0.3880597014925374,5s
0.9295774647887323,5s
0.47887323943661975,5s
0.2711864406779661,5s
0.8311688311688312,5s
0.7532467532467533,5s
0.9014084507042254,5s
0.7792207792207793,5s
0.7945205479452055,5s
0.9014084507042254,5s
0.9315068493150684,5s
0.9014084507042254,5s
0.8378378378378378,5s
0.7941176470588235,5s
0.7368421052631577,5s
0.923076923076923,5s
0.7812499999999999,5s
0.8253968253968254,5s
0.7692307692307692,5s
0.9315068493150686,5s
0.7792207792207793,5s
0.6774193548387097,5s
0.24324324324324326,5s
0.5675675675675675,5s
0.782608695652174,5s
0.9705882352941176,5s
0.21212121212121215,5s
0.5806451612903225,5s
0.3666666666666667,5s
0.9577464788732395,5s
0.8648648648648648,5s
0.9428571428571428,5s
0.9315068493150686,5s
0.7499999999999999,5s
0.9253731343283583,5s
0.7999999999999999,5s
0.9295774647887323,5s
0.9206349206349206,5s
0.6176470588235293,5s
0.8115942028985507,5s
0.6984126984126984,5s
0.9315068493150686,5s
0.8732394366197184,5s
0.9090909090909091,5s
0.28070175438596495,5s
0.8108108108108109,5s
0.9142857142857143,5s
0.8732394366197184,5s
0.6046511627906976,5s
0.7792207792207793,5s
0.3013698630136986,5s
0.8051948051948051,5s
0.8405797101449275,5s
0.8285714285714285,5s
0.47058823529411764,5s
0.0,5s
0.8767123287671234,5s
0.8767123287671234,5s
0.9473684210526316,5s
0.8857142857142857,5s
0.19444444444444445,5s
0.6,5s
0.7397260273972603,5s
0.3278688524590164,5s
0.7058823529411764,5s
0.9210526315789475,5s
0.22857142857142856,5s
0.7536231884057971,5s
0.8055555555555555,5s
0.45901639344262296,5s
0.861111111111111,5s
0.6333333333333334,5s
0.9295774647887325,5s
0.8421052631578948,5s
0.8985507246376812,5s
0.6575342465753424,5s
0.88,5s
0.7647058823529412,5s
0.7761194029850748,5s
0.3,5s
0.7887323943661971,5s
0.10526315789473684,5s
0.32258064516129037,5s
0.7222222222222223,5s
0.8285714285714286,5s
0.2105263157894737,5s
0.8169014084507042,5s
0.5245901639344263,5s
0.20408163265306123,5s
0.7792207792207793,5s
0.6769230769230768,5s
0.9714285714285714,5s
0.8571428571428571,5s
0.5263157894736842,5s
0.7246376811594202,5s
0.9411764705882353,5s
0.5070422535211268,5s
0.8378378378378378,5s
0.6842105263157895,5s
0.676470588235294,5s
0.8378378378378378,5s
0.8732394366197184,5s
0.9117647058823528,5s
0.9253731343283582,5s
0.6666666666666666,5s
0.4242424242424243,5s
0.8421052631578948,5s
0.21739130434782608,5s
0.9090909090909091,5s
0.7894736842105262,5s
0.576923076923077,5s
0.6101694915254238,5s
0.4583333333333333,5s
0.2608695652173913,5s
0.8800000000000001,5s
0.45283018867924524,5s
0.782608695652174,5s
0.9473684210526316,5s
0.911764705882353,5s
0.8767123287671234,5s
0.9705882352941176,5s
0.43750000000000006,5s
0.8571428571428571,5s
0.5797101449275363,5s
0.3076923076923077,5s
0.7837837837837838,5s
0.17910447761194032,5s
0.8064516129032259,5s
0.2181818181818182,5s
0.11764705882352941,5s
0.8493150684931509,5s
0.955223880597015,5s
0.9041095890410958,5s
0.9253731343283582,5s
0.7619047619047619,5s
0.8169014084507044,5s
0.8918918918918919,5s
0.7894736842105263,5s
0.696969696969697,5s
0.7826086956521738,5s
0.6470588235294118,5s
0.9295774647887323,5s
0.8450704225352113,5s
0.8529411764705883,5s
0.8,5s
0.8648648648648648,5s
0.9523809523809523,5s
0.17857142857142855,5s
0.7792207792207793,5s
0.717948717948718,5s
0.958904109589041,5s
0.7692307692307693,5s
0.2727272727272727,5s
0.819672131147541,5s
0.8059701492537314,5s
0.945945945945946,5s
0.28985507246376807,5s
0.3055555555555556,5s
0.8493150684931505,5s
0.7894736842105262,5s
0.9166666666666667,5s
0.608695652173913,5s
0.787878787878788,5s
0.8918918918918919,5s
0.9577464788732395,5s
0.7536231884057971,5s
0.3050847457627119,5s
0.5294117647058822,5s
0.9333333333333333,5s
0.8285714285714285,5s
0.7999999999999999,5s
0.8955223880597014,5s
0.8115942028985507,5s
0.759493670886076,5s
0.71875,5s
0.9142857142857143,5s
0.8219178082191781,5s
0.9411764705882354,5s
0.13114754098360656,5s
0.8157894736842106,5s
0.736842105263158,5s
0.7397260273972601,5s
0.7666666666666666,5s
0.9295774647887323,5s
0.8,5s
0.7692307692307692,5s
0.6666666666666666,5s
0.9714285714285714,5s
0.7532467532467533,5s
0.29850746268656714,5s
0.7333333333333333,5s
0.9428571428571428,5s
0.8918918918918919,5s
0.7532467532467532,5s
0.8529411764705882,5s
0.7246376811594203,5s
0.5970149253731343,5s
0.4,5s
0.7945205479452055,5s
0.6842105263157895,5s
0.8493150684931505,5s
0.35714285714285715,5s
0.20289855072463767,5s
0.7878787878787878,5s
0.5333333333333333,5s
0.65,5s
0.9428571428571428,5s
0.8450704225352113,5s
0.7733333333333333,5s
0.9565217391304348,5s
0.6176470588235294,5s
0.9577464788732395,5s
0.8421052631578948,5s
0.28169014084507044,5s
0.6666666666666666,5s
0.8055555555555555,5s
0.676470588235294,5s
0.5217391304347826,5s
0.6363636363636364,5s
0.9411764705882353,5s
0.2535211267605634,5s
0.810126582278481,5s
0.9565217391304348,5s
0.7945205479452055,5s
0.39999999999999997,5s
0.972972972972973,5s
0.9,5s
0.7878787878787878,5s
0.8493150684931505,5s
0.9206349206349206,5s
0.5660377358490567,5s
0.927536231884058,5s
0.7792207792207793,5s
0.9577464788732395,5s
0.2777777777777778,5s
0.7333333333333333,5s
0.5666666666666667,5s
0.8823529411764706,5s
0.6984126984126984,5s
0.4507042253521127,5s
0.8533333333333334,5s
0.9166666666666667,5s
0.9850746268656716,5s
0.8571428571428571,5s
0.75,5s
0.8571428571428571,5s
0.5901639344262296,5s
0.9014084507042254,5s
0.696969696969697,5s
0.7837837837837838,5s
0.9142857142857143,5s
0.2909090909090909,5s
0.8378378378378378,5s
0.3050847457627119,5s
0.9142857142857143,5s
0.2647058823529411,5s
0.9090909090909091,5s
0.7894736842105262,5s
0.7500000000000001,5s
0.958904109589041,5s
0.7575757575757576,5s
0.8918918918918918,5s
0.0,5s
0.8611111111111112,5s
0.8709677419354839,5s
0.909090909090909,5s
0.7792207792207793,5s
0.9253731343283582,5s
0.2465753424657534,5s
0.8974358974358975,5s
0.7222222222222221,5s
0.9189189189189189,5s
0.71875,5s
0.923076923076923,5s
0.9275362318840579,5s
0.9166666666666667,5s
0.7532467532467533,5s
0.5660377358490566,5s
0.9714285714285714,5s
0.2769230769230769,5s
0.8823529411764706,5s
0.29411764705882354,5s
0.4857142857142857,5s
0.8857142857142858,5s
0.0,5s
0.9117647058823528,5s
0.25396825396825395,5s
0.6984126984126984,5s
0.7532467532467533,5s
0.625,5s
0.3225806451612903,5s
0.4615384615384615,5s
0.8571428571428571,5s
0.958904109589041,5s
0.9577464788732395,5s
0.732394366197183,5s
0.721311475409836,5s
0.6376811594202899,5s
0.9538461538461539,5s
0.34146341463414637,5s
0.7499999999999999,5s
0.9565217391304348,5s
0.27692307692307694,5s
0.8000000000000002,5s
0.8285714285714285,5s
0.7733333333333334,5s
0.6153846153846154,5s
0.9066666666666667,5s
0.9295774647887323,5s
0.8985507246376812,5s
0.9577464788732395,5s
0.8857142857142857,5s
0.8888888888888888,5s
0.20289855072463767,5s
0.90625,5s
0.6774193548387096,5s
0.732394366197183,5s
0.8450704225352113,5s
0.75,5s
0.5263157894736842,5s
0.7837837837837839,5s
0.33333333333333337,5s
0.6268656716417911,5s
0.9714285714285714,5s
0.958904109589041,5s
0.7631578947368421,5s
0.868421052631579,5s
0.8571428571428571,5s
0.7631578947368421,5s
0.9428571428571428,5s
0.8266666666666667,5s
0.43333333333333324,5s
0.8285714285714285,5s
0.7631578947368423,5s
0.8787878787878787,5s
0.8,5s
0.6666666666666666,5s
0.8787878787878787,5s
0.9066666666666667,5s
0.5423728813559322,5s
0.9411764705882354,5s
0.6666666666666666,5s
0.7391304347826088,5s
0.5352112676056339,5s
0.7761194029850748,5s
0.23529411764705885,5s
0.7796610169491527,5s
0.7567567567567567,5s
0.8571428571428571,5s
0.7631578947368421,5s
0.7733333333333334,5s
0.8421052631578948,5s
0.28571428571428575,5s
0.8823529411764706,5s
0.7692307692307692,5s
0.7796610169491527,5s
0.7384615384615384,5s
0.676923076923077,5s
0.2222222222222222,5s
0.9090909090909091,5s
0.819672131147541,5s
0.6486486486486487,5s
0.6857142857142857,5s
0.7142857142857143,5s
0.6666666666666666,5s
0.9565217391304348,5s
0.5588235294117647,5s
0.2758620689655172,5s
0.6756756756756757,5s
0.9142857142857143,5s
0.767123287671233,5s
0.8823529411764706,5s
0.7837837837837838,5s
0.5915492957746479,5s
0.4126984126984127,5s
0.9117647058823529,5s
0.26666666666666666,5s
0.6666666666666666,5s
0.7945205479452054,5s
0.9295774647887323,5s
0.6666666666666666,5s
0.7837837837837838,5s
0.8421052631578948,5s
0.7532467532467533,5s
0.71875,5s
0.9393939393939394,5s
0.9722222222222222,5s
0.8947368421052632,5s
0.8421052631578948,5s
0.8955223880597014,5s
0.8378378378378378,5s
0.6885245901639343,5s
0.0,5s
0.9315068493150686,5s
0.25,5s
0.43076923076923074,5s
0.7567567567567567,5s
0.9577464788732395,5s
0.8405797101449276,5s
0.9014084507042254,5s
0.5660377358490567,5s
0.6333333333333334,5s
0.37142857142857144,5s
0.8048780487804877,5s
0.8857142857142857,5s
0.7733333333333334,5s
0.7142857142857144,5s
0.8169014084507044,5s
0.9714285714285714,5s
0.25396825396825395,5s
0.0,5s
0.5714285714285715,5s
0.782608695652174,5s
0.8405797101449276,5s
0.5555555555555556,5s
0.7826086956521738,5s
0.5671641791044776,5s
0.9411764705882354,5s
0.8115942028985507,5s
0.806451612903226,5s
0.6969696969696969,5s
0.4477611940298507,5s
0.7352941176470589,5s
0.7631578947368423,5s
0.8732394366197184,5s
0.8055555555555556,5s
0.8450704225352113,5s
0.7999999999999999,5s
0.5217391304347826,5s
0.7941176470588235,5s
0.9577464788732395,5s
0.34285714285714286,5s
0.7499999999999999,5s
0.4545454545454545,5s
0.2972972972972973,5s
0.9722222222222222,5s
0.6268656716417911,5s
0.909090909090909,5s
0.22857142857142856,5s
0.6571428571428571,5s
0.9714285714285714,5s
0.9714285714285714,5s
0.9375,5s
0.8115942028985507,5s
0.9142857142857143,5s
0.7894736842105262,5s
0.0,5s
0.8888888888888888,5s
0.9142857142857143,5s
0.8450704225352113,5s
0.0,5s
0.8767123287671234,5s
0.8918918918918919,5s
0.7692307692307692,5s
0.35294117647058826,5s
0.21818181818181817,5s
0.883116883116883,5s
0.8115942028985507,5s
0.6666666666666666,5s
0.8571428571428571,5s
0.43478260869565216,5s
0.7733333333333334,5s
0.806451612903226,5s
0.8732394366197184,5s
0.8275862068965517,5s
0.7435897435897435,5s
0.7532467532467533,5s
0.9577464788732395,5s
0.26229508196721313,5s
0.8823529411764706,5s
0.9565217391304348,5s
0.5573770491803278,5s
0.7837837837837838,5s
0.7894736842105262,5s
0.9705882352941176,5s
0.8767123287671234,5s
0.9722222222222222,5s
0.945945945945946,5s
0.32,5s
0.1971830985915493,5s
0.8648648648648648,5s
0.8108108108108109,5s
0.911764705882353,5s
0.9428571428571428,5s
0.9253731343283583,5s
0.8648648648648648,5s
0.14925373134328357,5s
0.7532467532467533,5s
0.8285714285714286,5s
0.9411764705882353,5s
0.8450704225352113,5s
0.4126984126984127,5s
0.9523809523809523,5s
0.3076923076923077,5s
0.8732394366197184,5s
0.2608695652173913,5s
0.4210526315789474,5s
0.9705882352941176,5s
0.8219178082191781,5s
0.8611111111111112,5s
0.6944444444444445,5s
0.7837837837837838,5s
0.2608695652173913,5s
0.8857142857142858,5s
0.7499999999999999,5s
0.7812499999999999,5s
0.8115942028985507,5s
0.8461538461538461,5s
0.823529411764706,5s
0.8918918918918918,5s
0.958904109589041,5s
0.9600000000000001,5s
0.6956521739130435,5s
0.7792207792207793,5s
0.6567164179104478,5s
0.7272727272727272,5s
0.8656716417910447,5s
0.6557377049180327,5s
0.7692307692307692,5s
0.9066666666666667,5s
0.6969696969696969,5s
0.9577464788732395,5s
0.904109589041096,5s
0.7894736842105262,5s
0.34146341463414637,5s
0.5818181818181818,5s
0.7647058823529411,5s
0.8450704225352113,5s
0.8219178082191781,5s
0.7792207792207793,5s
0.9565217391304348,5s
0.64,5s
0.8648648648648648,5s
0.9428571428571428,5s
0.6461538461538462,5s
0.9428571428571428,5s
0.782608695652174,5s
0.6363636363636364,5s
0.8533333333333334,5s
0.7894736842105263,5s
0.830188679245283,5s
0.9705882352941176,5s
0.8656716417910447,5s
0.8493150684931505,5s
0.8450704225352113,5s
0.7692307692307692,5s
0.958904109589041,5s
0.42424242424242425,5s
0.5846153846153845,5s
0.8157894736842106,5s
0.8732394366197184,5s
0.7792207792207793,5s
0.9428571428571428,5s
0.8656716417910447,5s
0.8529411764705882,5s
0.870967741935484,5s
0.5,5s
0.787878787878788,5s
0.8974358974358975,5s
0.8051948051948051,5s
0.8732394366197184,5s
0.9066666666666667,5s
0.7837837837837838,5s
0.8823529411764706,5s
0.7733333333333334,5s
0.5205479452054794,5s
0.9411764705882353,5s
0.972972972972973,5s
0.7894736842105263,5s
0.9600000000000001,5s
0.5797101449275363,5s
0.759493670886076,5s
0.8,5s
0.7901234567901234,5s
0.8857142857142857,5s
0.8108108108108109,5s
0.6984126984126984,5s
0.8732394366197184,5s
0.8955223880597014,5s
0.8947368421052632,5s
0.19444444444444445,5s
0.29850746268656714,5s
0.43478260869565216,5s
0.8799999999999999,5s
0.676923076923077,5s
0.8421052631578947,5s
0.875,5s
0.8493150684931505,5s
0.7457627118644068,5s
0.9473684210526316,5s
0.6909090909090909,5s
0.5757575757575758,5s
0.8333333333333334,5s
0.684931506849315,5s
0.6984126984126984,5s
0.8196721311475409,5s
0.6666666666666665,5s
0.78125,5s
0.8533333333333334,5s
0.9315068493150686,5s
0.7272727272727273,5s
0.7164179104477613,5s
0.7164179104477613,5s
0.7733333333333333,5s
0.736842105263158,5s
0.9041095890410958,5s
0.2909090909090909,5s
0.5396825396825397,5s
0.8108108108108109,5s
0.8157894736842105,5s
0.8108108108108109,5s
0.9473684210526316,5s
0.8307692307692308,5s
0.8055555555555555,5s
0.7792207792207793,5s
0.608695652173913,5s
0.4800000000000001,5s
0.8955223880597014,5s
0.22857142857142856,5s
0.9014084507042254,5s
0.7272727272727272,5s
0.8461538461538461,5s
0.9863013698630138,5s
0.4615384615384615,5s
0.9295774647887323,5s
0.6575342465753425,5s
0.0,5s
0.29032258064516125,5s
0.9166666666666667,5s
0.6285714285714286,5s
0.8,5s
0.7692307692307692,5s
0.7435897435897435,5s
0.8450704225352113,5s
0.9565217391304348,5s
0.7692307692307692,5s
0.923076923076923,5s
0.3225806451612903,5s
0.45161290322580644,5s
0.7941176470588235,5s
0.6969696969696969,5s
0.43478260869565216,5s
0.7796610169491526,5s
0.945945945945946,5s
0.861111111111111,5s
0.8219178082191781,5s
0.8450704225352113,5s
0.8529411764705882,5s
0.806451612903226,5s
0.7945205479452054,5s
0.7948717948717949,5s
0.2608695652173913,5s
0.8767123287671234,5s
0.9090909090909091,5s
0.847457627118644,5s
0.6,5s
0.7169811320754716,5s
0.4666666666666667,5s
0.4666666666666667,5s
0.7812499999999999,5s
0.49275362318840576,5s
0.676470588235294,5s
0.2909090909090909,5s
0.8000000000000002,5s
0.14925373134328357,5s
0.7792207792207793,5s
0.9275362318840579,5s
0.3333333333333333,5s
0.923076923076923,5s
0.29850746268656714,5s
0.923076923076923,5s
0.4675324675324676,5s
0.2571428571428571,5s
0.8611111111111112,5s
0.9428571428571428,5s
0.9565217391304348,5s
0.7301587301587302,5s
0.2608695652173913,5s
0.8421052631578947,5s
0.43478260869565216,5s
0.6567164179104478,5s
0.8648648648648648,5s
0.0,5s
0.25,5s
0.52,5s
0.4333333333333333,5s
0.8108108108108109,5s
0.6206896551724138,5s
0.7419354838709677,5s
0.25974025974025977,5s
0.7792207792207791,5s
0.6769230769230768,5s
0.782608695652174,5s
0.8055555555555555,5s
0.8656716417910447,5s
0.8450704225352113,5s
0.732394366197183,5s
0.9565217391304348,5s
0.9166666666666667,5s
0.6984126984126984,5s
0.43478260869565216,5s
0.4545454545454545,5s
0.8181818181818182,5s
0.8421052631578948,5s
0.888888888888889,5s
0.746268656716418,5s
0.7647058823529412,5s
0.6101694915254238,5s
0.5625,5s
0.945945945945946,5s
0.7605633802816902,5s
0.5588235294117646,5s
0.3225806451612903,5s
0.9565217391304348,5s
0.46511627906976744,5s
0.37500000000000006,5s
0.5142857142857142,5s
0.9577464788732395,5s
0.7692307692307692,5s
0.7605633802816902,5s
0.0,5s
0.9117647058823529,5s
0.9393939393939394,5s
0.8493150684931505,5s
0.9393939393939394,5s
0.9705882352941176,5s
0.8219178082191781,5s
0.8529411764705882,5s
0.7733333333333334,5s
0.7631578947368421,5s
0.48888888888888893,5s
0.7462686567164178,5s
0.8857142857142858,5s
0.9166666666666666,5s
0.8,5s
0.9705882352941176,5s
0.7941176470588235,5s
0.8732394366197184,5s
0.8,5s
0.9577464788732395,5s
0.9714285714285714,5s
0.9850746268656716,5s
0.9428571428571428,5s
0.9166666666666667,5s
0.9859154929577464,5s
0.7105263157894737,5s
0.6774193548387096,5s
0.8059701492537314,5s
0.23529411764705882,5s
0.8857142857142858,5s
0.9428571428571428,5s
0.9142857142857143,5s
0.7692307692307692,5s
0.8857142857142857,5s
0.8857142857142858,5s
0.21538461538461537,5s
0.7941176470588235,5s
0.759493670886076,5s
0.9117647058823529,5s
0.9577464788732395,5s
0.8421052631578948,5s
0.25396825396825395,5s
0.5396825396825397,5s
0.4375,5s
0.15873015873015875,5s
0.7887323943661972,5s
0.9253731343283582,5s
0.24242424242424243,5s
0.8823529411764706,5s
0.8157894736842105,5s
0.1515151515151515,5s
0.8059701492537314,5s
0.9117647058823528,5s
0.8101265822784809,5s
0.9066666666666667,5s
0.43478260869565216,5s
0.29411764705882354,5s
0.64,5s
0.8333333333333333,5s
0.2692307692307692,5s
0.9577464788732395,5s
0.9253731343283583,5s
0.3174603174603175,5s
0.7666666666666667,5s
0.9722222222222222,5s
0.10714285714285714,5s
0.9166666666666667,5s
0.5588235294117647,5s
0.7076923076923077,5s
0.9393939393939394,5s
0.8857142857142858,5s
0.746268656716418,5s
0.6268656716417911,5s
0.8275862068965518,5s
0.7792207792207793,5s
0.8955223880597014,5s
0.9722222222222222,5s
0.7647058823529412,5s
0.8450704225352113,5s
0.38095238095238093,5s
0.8767123287671232,5s
0.9428571428571428,5s
0.3492063492063492,5s
0.676470588235294,5s
0.8484848484848486,5s
0.8695652173913043,5s
0.2711864406779661,5s
0.7123287671232875,5s
0.7631578947368421,5s
0.2727272727272727,5s
0.5245901639344263,5s
0.9428571428571428,5s
0.9411764705882354,5s
0.26229508196721313,5s
0.7368421052631577,5s
0.9333333333333332,5s
0.3125,5s
0.6216216216216216,5s
0.8571428571428571,5s
0.9411764705882353,5s
0.8115942028985507,5s
0.4615384615384615,5s
0.25,5s
0.3870967741935484,5s
0.6363636363636364,5s
0.5294117647058822,5s
0.6666666666666666,5s
0.7812499999999999,5s
0.3157894736842105,5s
0.8571428571428571,5s
0.9705882352941176,5s
0.8493150684931505,5s
0.7671232876712328,5s
0.7894736842105262,5s
0.5217391304347826,5s
0.48484848484848486,5s
0.7352941176470588,5s
0.8695652173913043,5s
0.608695652173913,5s
0.9041095890410958,5s
0.9722222222222222,5s
0.6352941176470588,5s
0.7936507936507938,5s
0.7647058823529412,5s
0.8333333333333333,5s
0.5797101449275361,5s
0.5797101449275363,5s
0.8611111111111112,5s
0.8108108108108109,5s
0.8266666666666665,5s
0.9189189189189189,5s
0.918918918918919,5s
0.7837837837837838,5s
0.5970149253731343,5s
0.7567567567567567,5s
0.9722222222222222,5s
0.8767123287671232,5s
0.9142857142857143,5s
0.68,5s
0.9,5s
0.6265060240963856,5s
0.8493150684931505,5s
0.7948717948717949,5s
0.2318840579710145,5s
0.8571428571428571,5s
0.9066666666666667,5s
0.3448275862068966,5s
0.7605633802816902,5s
0.8947368421052632,5s
0.6666666666666667,5s
0.5194805194805195,5s
0.1971830985915493,5s
0.30303030303030304,5s
0.8450704225352113,5s
0.47619047619047616,5s
0.2571428571428572,5s
0.6363636363636364,5s
0.7575757575757576,5s
0.8888888888888888,5s
0.7692307692307693,5s
0.9315068493150686,5s
0.9444444444444445,5s
0.48571428571428565,5s
0.7169811320754716,5s
0.8923076923076922,5s
0.676470588235294,5s
0.8947368421052632,5s
0.9473684210526316,5s
0.7887323943661971,5s
0.5423728813559322,5s
0.8732394366197184,5s
0.5294117647058822,5s
0.3703703703703704,tmRNA
0.48387096774193544,tmRNA
0.17,tmRNA
0.5812807881773399,tmRNA
0.37777777777777777,tmRNA
0.35175879396984927,tmRNA
0.3786407766990291,tmRNA
0.26744186046511625,tmRNA
0.34934497816593885,tmRNA
0.29591836734693877,tmRNA
0.335195530726257,tmRNA
0.31472081218274106,tmRNA
0.24242424242424243,tmRNA
0.2842639593908629,tmRNA
0.4742268041237113,tmRNA
0.26865671641791045,tmRNA
0.47668393782383417,tmRNA
0.4361702127659574,tmRNA
0.5118483412322274,tmRNA
0.4649122807017544,tmRNA
0.4191616766467065,tmRNA
0.3625730994152047,tmRNA
0.32978723404255317,tmRNA
0.44776119402985076,tmRNA
0.4210526315789474,tmRNA
0.3384615384615385,tmRNA
0.37634408602150543,tmRNA
0.20754716981132076,tmRNA
0.4639175257731959,tmRNA
0.4210526315789474,tmRNA
0.4423076923076923,tmRNA
0.3092783505154639,tmRNA
0.485207100591716,tmRNA
0.4081632653061225,tmRNA
0.2971428571428571,tmRNA
0.3783783783783784,tmRNA
0.43956043956043955,tmRNA
0.22352941176470587,tmRNA
0.24489795918367346,tmRNA
0.25,tmRNA
0.4361702127659574,tmRNA
0.43478260869565216,tmRNA
0.3804347826086956,tmRNA
0.6486486486486486,tmRNA
0.4095238095238095,tmRNA
0.37433155080213903,tmRNA
0.709090909090909,tmRNA
0.5056179775280899,tmRNA
0.25,tmRNA
0.38144329896907214,tmRNA
0.4175824175824176,tmRNA
0.4742268041237113,tmRNA
0.44565217391304346,tmRNA
0.3919597989949749,tmRNA
0.48936170212765956,tmRNA
0.4607843137254902,tmRNA
0.23783783783783785,tmRNA
0.5279187817258884,tmRNA
0.13636363636363635,tmRNA
0.39285714285714285,tmRNA
0.38372093023255816,tmRNA
0.6442307692307693,tmRNA
0.27397260273972607,tmRNA
0.502923976608187,tmRNA
0.47126436781609193,tmRNA
0.16981132075471697,tmRNA
0.2888888888888889,tmRNA
0.3257918552036199,tmRNA
0.3773584905660377,tmRNA
0.3333333333333333,tmRNA
0.4519774011299435,tmRNA
0.21621621621621623,tmRNA
0.4519774011299435,tmRNA
0.4742268041237113,tmRNA
0.41545893719806765,tmRNA
0.6310679611650485,tmRNA
0.32978723404255317,tmRNA
0.24277456647398846,tmRNA
0.31515151515151507,tmRNA
0.31284916201117313,tmRNA
0.3255813953488372,tmRNA
0.35467980295566504,tmRNA
0.3832335329341317,tmRNA
0.4751381215469613,tmRNA
0.40625000000000006,tmRNA
0.4175824175824176,tmRNA
0.33653846153846156,tmRNA
0.3578947368421052,tmRNA
1.0,tmRNA
0.28571428571428575,tmRNA
0.42708333333333337,tmRNA
0.40697674418604657,tmRNA
0.3673469387755102,tmRNA
0.06756756756756757,tmRNA
0.3846153846153846,tmRNA
0.41935483870967744,tmRNA
0.42857142857142855,tmRNA
0.6243386243386243,tmRNA
0.3761467889908256,tmRNA
0.22099447513812154,tmRNA
0.44859813084112155,tmRNA
0.4742268041237113,tmRNA
0.30107526881720426,tmRNA
0.5131578947368421,tmRNA
0.5365853658536587,tmRNA
0.22459893048128343,tmRNA
0.5812807881773399,tmRNA
0.287292817679558,tmRNA
0.6605504587155964,tmRNA
0.46153846153846156,tmRNA
0.324607329842932,tmRNA
0.4040404040404041,tmRNA
0.6784140969162995,tmRNA
0.17391304347826086,tmRNA
0.4126984126984127,tmRNA
0.6810810810810811,tmRNA
0.33,tmRNA
0.4817518248175182,tmRNA
0.27,tmRNA
0.47668393782383417,tmRNA
0.2383419689119171,tmRNA
0.4293193717277487,tmRNA
0.25120772946859904,tmRNA
0.4105263157894737,tmRNA
0.36571428571428566,tmRNA
0.24444444444444446,tmRNA
0.1884816753926702,tmRNA
0.3333333333333333,tmRNA
0.39759036144578314,tmRNA
0.4175824175824176,tmRNA
0.5631067961165048,tmRNA
0.3668639053254437,tmRNA
0.4605263157894737,tmRNA
0.3459459459459459,tmRNA
0.5753424657534247,tmRNA
0.3411764705882353,tmRNA
0.33519553072625696,tmRNA
0.3557692307692308,tmRNA
0.5056179775280898,tmRNA
0.2814070351758794,tmRNA
0.34285714285714286,tmRNA
0.5025641025641026,tmRNA
0.4183006535947712,tmRNA
0.1748633879781421,tmRNA
0.29107981220657275,tmRNA
0.2598870056497175,tmRNA
0.48936170212765956,tmRNA
0.3163265306122449,tmRNA
0.3956043956043956,tmRNA
0.29107981220657275,tmRNA
0.34065934065934067,tmRNA
0.2955665024630542,tmRNA
0.38857142857142857,tmRNA
0.29946524064171126,tmRNA
0.41081081081081083,tmRNA
0.17977528089887637,tmRNA
0.4126984126984127,tmRNA
0.2895927601809955,tmRNA
0.17171717171717168,tmRNA
0.6229508196721311,tmRNA
0.32989690721649484,tmRNA
0.42603550295857984,tmRNA
0.49180327868852464,tmRNA
0.4742268041237113,tmRNA
0.29239766081871343,tmRNA
0.25974025974025977,tmRNA
0.4742268041237113,tmRNA
0.20359281437125748,tmRNA
0.28712871287128716,tmRNA
0.42603550295857984,tmRNA
0.4067796610169492,tmRNA
0.4175824175824176,tmRNA
0.4431818181818182,tmRNA
0.12820512820512822,tmRNA
0.3283582089552239,tmRNA
0.550561797752809,tmRNA
0.23863636363636362,tmRNA
0.27,tmRNA
0.17777777777777778,tmRNA
0.2897196261682243,tmRNA
0.3761467889908256,tmRNA
0.294478527607362,tmRNA
0.4210526315789474,tmRNA
0.42000000000000004,tmRNA
0.4685714285714285,tmRNA
0.3233532934131736,tmRNA
0.27586206896551724,tmRNA
0.13953488372093023,tmRNA
0.29090909090909095,tmRNA
0.31868131868131866,tmRNA
0.367816091954023,tmRNA
0.3625,tmRNA
0.17194570135746606,tmRNA
0.5056179775280899,tmRNA
0.46979865771812085,tmRNA
0.45714285714285713,tmRNA
0.4175824175824176,tmRNA
0.330188679245283,tmRNA
0.34862385321100914,tmRNA
0.4742268041237113,tmRNA
0.28,tmRNA
0.2897196261682243,tmRNA
0.4761904761904762,tmRNA
0.23423423423423423,tmRNA
0.44976076555023925,tmRNA
0.3977272727272727,tmRNA
0.16883116883116883,tmRNA
0.2207792207792208,tmRNA
0.374331550802139,tmRNA
0.31472081218274106,tmRNA
0.1683168316831683,tmRNA
0.28415300546448086,tmRNA
0.1408450704225352,tmRNA
0.42603550295857984,tmRNA
0.42696629213483145,tmRNA
0.2057142857142857,tmRNA
0.2185792349726776,tmRNA
0.5056179775280898,tmRNA
0.08196721311475409,tmRNA
0.4361702127659574,tmRNA
0.2955665024630542,tmRNA
0.40718562874251496,tmRNA
0.23589743589743592,tmRNA
0.42857142857142855,tmRNA
0.46979865771812085,tmRNA
0.38317757009345793,tmRNA
0.47668393782383417,tmRNA
0.2358490566037736,tmRNA
0.2857142857142857,tmRNA
0.37320574162679426,tmRNA
0.18791946308724833,tmRNA
0.2738095238095238,tmRNA
0.3617021276595745,tmRNA
0.24888888888888885,tmRNA
0.3583815028901734,tmRNA
0.31413612565445026,tmRNA
0.4472049689440994,tmRNA
0.29239766081871343,tmRNA
0.28571428571428575,tmRNA
0.4123711340206186,tmRNA
0.4252873563218391,tmRNA
0.3804347826086956,tmRNA
0.3542857142857143,tmRNA
0.3045685279187817,tmRNA
0.26519337016574585,tmRNA
0.2918918918918919,tmRNA
0.25806451612903225,tmRNA
0.19148936170212766,tmRNA
0.43119266055045874,tmRNA
0.5178571428571428,tmRNA
0.5093167701863355,tmRNA
0.3147208121827411,tmRNA
0.5,tmRNA
0.22340425531914893,tmRNA
0.43575418994413406,tmRNA
0.46706586826347307,tmRNA
0.3282051282051282,tmRNA
0.4123711340206186,tmRNA
0.4123711340206186,tmRNA
0.4861878453038674,tmRNA
0.30107526881720426,tmRNA
0.21649484536082475,tmRNA
0.5454545454545454,tmRNA
0.19428571428571428,tmRNA
0.3961352657004831,tmRNA
0.4175824175824176,tmRNA
0.4945054945054946,tmRNA
0.2696629213483146,tmRNA
0.22680412371134018,tmRNA
0.5603864734299517,tmRNA
0.17777777777777778,tmRNA
0.3092783505154639,tmRNA
0.25380710659898476,tmRNA
0.41935483870967744,tmRNA
0.178343949044586,tmRNA
0.4796380090497737,tmRNA
0.3820224719101123,tmRNA
0.3756345177664974,tmRNA
0.550561797752809,tmRNA
0.24,tmRNA
0.39766081871345027,tmRNA
0.4742268041237113,tmRNA
0.12820512820512822,tmRNA
0.4742268041237113,tmRNA
0.2653061224489796,tmRNA
0.29239766081871343,tmRNA
0.2857142857142857,tmRNA
0.3257918552036199,tmRNA
0.48401826484018273,tmRNA
0.3712574850299401,tmRNA
0.48958333333333337,tmRNA
0.4571428571428572,tmRNA
0.16184971098265896,tmRNA
0.2679425837320574,tmRNA
0.3421052631578947,tmRNA
0.631578947368421,tmRNA
0.4742268041237113,tmRNA
0.4324324324324324,tmRNA
0.40476190476190477,tmRNA
0.30769230769230776,tmRNA
0.4723618090452261,tmRNA
0.5056179775280899,tmRNA
0.4077669902912622,tmRNA
0.5056179775280898,tmRNA
0.5425531914893617,tmRNA
0.6063348416289592,tmRNA
0.4761904761904762,tmRNA
0.49450549450549447,tmRNA
0.3115577889447236,tmRNA
0.13793103448275862,tmRNA
0.4634146341463415,tmRNA
0.4878048780487805,tmRNA
0.550561797752809,tmRNA
0.23783783783783785,tmRNA
0.44067796610169496,tmRNA
0.43575418994413406,tmRNA
0.26315789473684215,tmRNA
0.16243654822335027,tmRNA
0.42105263157894735,tmRNA
0.5145631067961165,tmRNA
0.32,tmRNA
0.3061224489795918,tmRNA
0.34831460674157305,tmRNA
0.3684210526315789,tmRNA
0.4228571428571429,tmRNA
0.4077669902912622,tmRNA
0.17751479289940827,tmRNA
0.351219512195122,tmRNA
0.47252747252747257,tmRNA
0.5056179775280898,tmRNA
0.29714285714285715,tmRNA
0.3712574850299401,tmRNA
0.48275862068965514,tmRNA
0.4945054945054946,tmRNA
0.4077669902912621,tmRNA
0.49180327868852464,tmRNA
0.38918918918918916,tmRNA
0.25,tmRNA
0.5812807881773399,tmRNA
0.3567567567567568,tmRNA
0.44776119402985076,tmRNA
0.3804347826086957,tmRNA
0.2696629213483146,tmRNA
0.4050632911392405,tmRNA
0.21395348837209302,tmRNA
0.3687150837988827,tmRNA
0.5281385281385281,tmRNA
0.31372549019607837,tmRNA
0.4705882352941177,tmRNA
0.5508982035928144,tmRNA
0.43575418994413406,tmRNA
0.16483516483516486,tmRNA
0.5619047619047619,tmRNA
0.3979057591623037,tmRNA
0.43312101910828027,tmRNA
0.3838383838383838,tmRNA
0.28571428571428575,tmRNA
0.5056179775280898,tmRNA
0.4742268041237113,tmRNA
0.41052631578947363,tmRNA
0.33333333333333337,tmRNA
0.27272727272727276,tmRNA
0.19428571428571428,tmRNA
0.2941176470588235,tmRNA
0.37383177570093457,tmRNA
0.5536723163841808,tmRNA
0.4851485148514852,tmRNA
0.7307692307692307,tmRNA
0.45714285714285713,tmRNA
0.2918918918918919,tmRNA
0.183206106870229,tmRNA
0.40860215053763443,tmRNA
0.46153846153846156,tmRNA
0.5025125628140704,tmRNA
0.2810810810810811,tmRNA
0.328042328042328,tmRNA
0.24528301886792453,tmRNA
0.5531914893617021,tmRNA
0.4130434782608695,tmRNA
0.3849765258215962,tmRNA
0.17142857142857143,tmRNA
0.09999999999999999,tmRNA
0.3411764705882353,tmRNA
0.1894736842105263,tmRNA
0.3804347826086956,tmRNA
0.4472049689440994,tmRNA
0.4126984126984127,tmRNA
0.23645320197044337,tmRNA
0.33,tmRNA
0.33707865168539325,tmRNA
0.13978494623655913,tmRNA
0.287292817679558,tmRNA
0.3147208121827411,tmRNA
0.09345794392523364,tmRNA
0.3687150837988827,tmRNA
0.49411764705882355,tmRNA
0.598984771573604,tmRNA
0.3786407766990291,tmRNA
0.39759036144578314,tmRNA
0.20731707317073172,tmRNA
0.20105820105820107,tmRNA
0.5,tmRNA
0.3287671232876712,tmRNA
0.27,tmRNA
0.4318181818181818,tmRNA
0.4549763033175356,tmRNA
0.1408450704225352,tmRNA
0.267379679144385,tmRNA
0.5146198830409356,tmRNA
0.24444444444444446,tmRNA
0.2197802197802198,tmRNA
0.359447004608295,tmRNA
0.38150289017341044,tmRNA
0.23645320197044337,tmRNA
0.45595854922279794,tmRNA
0.3558282208588957,tmRNA
0.40935672514619886,tmRNA
0.335195530726257,tmRNA
0.15841584158415842,tmRNA
0.47668393782383417,tmRNA
0.4324324324324325,tmRNA
0.13259668508287292,tmRNA
0.4130434782608695,tmRNA
0.4742268041237113,tmRNA
0.20312499999999997,tmRNA
0.2637362637362637,tmRNA
0.5699481865284974,tmRNA
0.3891402714932127,tmRNA
0.09999999999999999,tmRNA
0.5296803652968036,tmRNA
0.4662576687116564,tmRNA
0.17777777777777778,tmRNA
0.29239766081871343,tmRNA
0.3495145631067962,tmRNA
0.43386243386243384,tmRNA
0.3163841807909604,tmRNA
0.39344262295081966,tmRNA
0.37914691943127965,tmRNA
0.17977528089887637,tmRNA
0.4532019704433497,tmRNA
0.27,tmRNA
0.4534883720930233,tmRNA
0.4171779141104294,tmRNA
0.33333333333333337,tmRNA
0.47058823529411764,tmRNA
0.4307692307692308,tmRNA
0.4817518248175182,tmRNA
0.26582278481012656,tmRNA
0.42857142857142855,tmRNA
0.48128342245989303,tmRNA
0.4864864864864865,tmRNA
0.2890173410404624,tmRNA
0.625,tmRNA
0.25925925925925924,tmRNA
0.5933014354066986,tmRNA
0.06622516556291391,tmRNA
0.3761467889908256,tmRNA
0.4126984126984127,tmRNA
0.2679425837320574,tmRNA
0.336734693877551,tmRNA
0.20430107526881722,tmRNA
0.40625000000000006,tmRNA
0.5714285714285713,tRNA
0.46153846153846156,tRNA
0.7804878048780488,tRNA
1.0,tRNA
0.49056603773584906,tRNA
0.975609756097561,tRNA
0.9500000000000001,tRNA
0.7058823529411764,tRNA
0.7200000000000001,tRNA
0.3333333333333333,tRNA
0.8500000000000001,tRNA
0.7272727272727272,tRNA
0.30769230769230765,tRNA
0.6500000000000001,tRNA
0.2173913043478261,tRNA
0.6153846153846154,tRNA
1.0,tRNA
0.9189189189189189,tRNA
0.5106382978723405,tRNA
0.7906976744186046,tRNA
0.7441860465116279,tRNA
0.2173913043478261,tRNA
0.5777777777777778,tRNA
0.75,tRNA
0.8,tRNA
0.6500000000000001,tRNA
0.7659574468085107,tRNA
0.5,tRNA
0.7083333333333334,tRNA
0.8,tRNA
0.4680851063829788,tRNA
0.7346938775510204,tRNA
0.9767441860465117,tRNA
0.5116279069767442,tRNA
0.5333333333333332,tRNA
0.2173913043478261,tRNA
0.7804878048780488,tRNA
1.0,tRNA
0.8181818181818182,tRNA
0.9767441860465117,tRNA
0.8648648648648648,tRNA
0.9523809523809523,tRNA
0.18604651162790697,tRNA
0.8181818181818182,tRNA
1.0,tRNA
0.9767441860465117,tRNA
1.0,tRNA
0.9767441860465117,tRNA
0.8235294117647058,tRNA
1.0,tRNA
0.8095238095238095,tRNA
0.6976744186046512,tRNA
0.8571428571428572,tRNA
0.8205128205128205,tRNA
1.0,tRNA
0.8108108108108109,tRNA
0.8947368421052632,tRNA
0.8421052631578948,tRNA
0.9767441860465117,tRNA
0.5581395348837209,tRNA
0.9500000000000001,tRNA
0.0,tRNA
0.75,tRNA
0.5128205128205129,tRNA
0.4897959183673469,tRNA
0.975609756097561,tRNA
0.888888888888889,tRNA
0.48979591836734687,tRNA
0.6046511627906977,tRNA
0.5405405405405405,tRNA
0.6976744186046512,tRNA
0.7906976744186046,tRNA
0.5454545454545455,tRNA
0.4888888888888889,tRNA
0.5714285714285714,tRNA
0.3829787234042554,tRNA
0.46153846153846156,tRNA
0.8095238095238095,tRNA
0.4489795918367347,tRNA
0.7906976744186046,tRNA
0.5,tRNA
0.18604651162790697,tRNA
0.3333333333333333,tRNA
0.7083333333333334,tRNA
0.7555555555555556,tRNA
0.6976744186046512,tRNA
0.7804878048780488,tRNA
0.0,tRNA
0.9565217391304348,tRNA
0.6,tRNA
0.3913043478260869,tRNA
0.8181818181818182,tRNA
0.9767441860465117,tRNA
0.3673469387755102,tRNA
0.8421052631578947,tRNA
1.0,tRNA
0.0,tRNA
0.38888888888888884,tRNA
0.7027027027027027,tRNA
0.5,tRNA
0.5116279069767442,tRNA
0.9767441860465117,tRNA
0.8292682926829269,tRNA
0.8095238095238095,tRNA
0.3913043478260869,tRNA
0.7111111111111111,tRNA
0.6,tRNA
0.9767441860465117,tRNA
0.7804878048780488,tRNA
0.7906976744186046,tRNA
0.7692307692307692,tRNA
0.8205128205128205,tRNA
0.5365853658536585,tRNA
0.5106382978723405,tRNA
0.55,tRNA
0.9189189189189189,tRNA
1.0,tRNA
0.975609756097561,tRNA
0.5581395348837208,tRNA
0.9,tRNA
0.7441860465116279,tRNA
0.7804878048780488,tRNA
0.46153846153846156,tRNA
0.7727272727272727,tRNA
0.9189189189189189,tRNA
0.7906976744186046,tRNA
0.9767441860465117,tRNA
0.5116279069767442,tRNA
0.7272727272727272,tRNA
0.4736842105263158,tRNA
0.9767441860465117,tRNA
0.8837209302325582,tRNA
1.0,tRNA
0.9523809523809523,tRNA
0.42857142857142855,tRNA
0.3255813953488372,tRNA
0.0,tRNA
0.7727272727272727,tRNA
0.22222222222222224,tRNA
0.888888888888889,tRNA
0.24000000000000002,tRNA
0.3333333333333333,tRNA
0.7878787878787878,tRNA
1.0,tRNA
0.7659574468085107,tRNA
0.7,tRNA
0.0,tRNA
0.9523809523809523,tRNA
0.9545454545454546,tRNA
0.3414634146341463,tRNA
1.0,tRNA
1.0,tRNA
0.5,tRNA
0.975609756097561,tRNA
0.6938775510204083,tRNA
0.8780487804878048,tRNA
0.3333333333333333,tRNA
1.0,tRNA
1.0,tRNA
1.0,tRNA
0.0,tRNA
0.9767441860465117,tRNA
0.45714285714285713,tRNA
0.8571428571428571,tRNA
0.8947368421052632,tRNA
0.7906976744186046,tRNA
0.7555555555555556,tRNA
0.19047619047619047,tRNA
0.75,tRNA
0.6153846153846154,tRNA
0.6,tRNA
0.8292682926829269,tRNA
0.7,tRNA
0.7999999999999999,tRNA
0.3414634146341463,tRNA
1.0,tRNA
0.05555555555555556,tRNA
0.7441860465116279,tRNA
0.5581395348837208,tRNA
0.48979591836734687,tRNA
0.5806451612903225,tRNA
0.9189189189189189,tRNA
0.9545454545454546,tRNA
0.7317073170731706,tRNA
0.7804878048780488,tRNA
0.5531914893617021,tRNA
1.0,tRNA
0.9545454545454545,tRNA
0.5333333333333332,tRNA
0.4,tRNA
0.6818181818181819,tRNA
0.7499999999999999,tRNA
0.923076923076923,tRNA
0.9189189189189189,tRNA
0.7659574468085107,tRNA
0.9545454545454545,tRNA
1.0,tRNA
0.7567567567567567,tRNA
0.8,tRNA
0.7647058823529412,tRNA
0.8717948717948718,tRNA
0.9565217391304348,tRNA
0.8571428571428571,tRNA
0.7804878048780488,tRNA
0.3414634146341463,tRNA
0.5909090909090909,tRNA
0.85,tRNA
0.7659574468085107,tRNA
0.22857142857142856,tRNA
0.8571428571428571,tRNA
0.4680851063829788,tRNA
0.5882352941176471,tRNA
0.7222222222222223,tRNA
0.7058823529411765,tRNA
0.18604651162790697,tRNA
0.7441860465116279,tRNA
0.4999999999999999,tRNA
0.6500000000000001,tRNA
0.9767441860465117,tRNA
0.7058823529411764,tRNA
0.6046511627906977,tRNA
0.7647058823529412,tRNA
0.9268292682926829,tRNA
0.7659574468085107,tRNA
0.7906976744186046,tRNA
0.5454545454545454,tRNA
0.6,tRNA
0.7727272727272727,tRNA
0.5365853658536585,tRNA
0.46153846153846156,tRNA
1.0,tRNA
0.9130434782608696,tRNA
0.8717948717948718,tRNA
0.8947368421052632,tRNA
0.7777777777777778,tRNA
0.9767441860465117,tRNA
0.5306122448979592,tRNA
0.6666666666666665,tRNA
0.5853658536585366,tRNA
0.9767441860465117,tRNA
0.6818181818181819,tRNA
0.8205128205128205,tRNA
0.3333333333333333,tRNA
0.7878787878787878,tRNA
0.4,tRNA
0.9545454545454545,tRNA
0.9189189189189189,tRNA
0.391304347826087,tRNA
0.7142857142857143,tRNA
0.9523809523809523,tRNA
0.5454545454545454,tRNA
0.5116279069767442,tRNA
0.5238095238095238,tRNA
0.5806451612903225,tRNA
0.3333333333333333,tRNA
0.5853658536585366,tRNA
0.9545454545454545,tRNA
0.5106382978723404,tRNA
0.8648648648648648,tRNA
1.0,tRNA
0.2916666666666667,tRNA
0.8,tRNA
0.5263157894736842,tRNA
0.6818181818181819,tRNA
0.5454545454545454,tRNA
0.7142857142857143,tRNA
0.9767441860465117,tRNA
0.761904761904762,tRNA
0.6829268292682926,tRNA
0.7906976744186046,tRNA
0.5365853658536585,tRNA
0.85,tRNA
0.9523809523809523,tRNA
0.9743589743589743,tRNA
0.7906976744186046,tRNA
0.3333333333333333,tRNA
0.7894736842105262,tRNA
1.0,tRNA
0.6046511627906976,tRNA
0.7804878048780488,tRNA
0.9545454545454545,tRNA
0.8095238095238095,tRNA
0.9767441860465117,tRNA
0.4,tRNA
0.7804878048780488,tRNA
0.5142857142857143,tRNA
0.8095238095238095,tRNA
0.5714285714285713,tRNA
0.0,tRNA
0.7555555555555556,tRNA
0.8648648648648648,tRNA
1.0,tRNA
0.7619047619047619,tRNA
0.5106382978723405,tRNA
0.75,tRNA
0.7906976744186046,tRNA
0.5454545454545454,tRNA
0.75,tRNA
0.7878787878787878,tRNA
0.7906976744186046,tRNA
0.7804878048780488,tRNA
0.9767441860465117,tRNA
0.8947368421052632,tRNA
0.975609756097561,tRNA
0.8333333333333333,tRNA
0.7906976744186046,tRNA
0.4583333333333333,tRNA
0.7346938775510204,tRNA
0.3111111111111111,tRNA
0.9767441860465117,tRNA
0.18604651162790697,tRNA
0.5106382978723405,tRNA
0.5116279069767442,tRNA
0.85,tRNA
0.8181818181818182,tRNA
0.975609756097561,tRNA
0.8235294117647058,tRNA
0.0,tRNA
0.9767441860465117,tRNA
0.33333333333333337,tRNA
0.3333333333333333,tRNA
0.0,tRNA
0.7804878048780488,tRNA
0.8648648648648648,tRNA
0.28571428571428575,tRNA
0.55,tRNA
1.0,tRNA
0.0,tRNA
0.6956521739130435,tRNA
0.8292682926829269,tRNA
0.5454545454545454,tRNA
1.0,tRNA
0.7111111111111111,tRNA
0.9545454545454545,tRNA
0.5333333333333333,tRNA
1.0,tRNA
0.9473684210526316,tRNA
0.7500000000000001,tRNA
0.8780487804878049,tRNA
0.9500000000000001,tRNA
0.6666666666666666,tRNA
0.7741935483870968,tRNA
0.9,tRNA
1.0,tRNA
0.7391304347826089,tRNA
0.8095238095238095,tRNA
0.5714285714285714,tRNA
0.8648648648648648,tRNA
0.6153846153846153,tRNA
1.0,tRNA
0.7,tRNA
0.18181818181818182,tRNA
0.23529411764705882,tRNA
0.46153846153846156,tRNA
0.35714285714285715,tRNA
0.9767441860465117,tRNA
0.9523809523809523,tRNA
0.9767441860465117,tRNA
0.8,tRNA
0.9047619047619048,tRNA
0.9333333333333333,tRNA
0.35,tRNA
0.43478260869565216,tRNA
0.9767441860465117,tRNA
0.5217391304347826,tRNA
0.7804878048780488,tRNA
0.9767441860465117,tRNA
0.5217391304347826,tRNA
0.5,tRNA
0.37037037037037035,tRNA
0.7346938775510203,tRNA
0.7567567567567568,tRNA
0.4888888888888889,tRNA
0.8717948717948718,tRNA
0.6046511627906977,tRNA
0.5365853658536585,tRNA
0.7692307692307692,tRNA
0.8571428571428571,tRNA
0.36842105263157887,tRNA
0.782608695652174,tRNA
0.8648648648648648,tRNA
0.9523809523809523,tRNA
0.5500000000000002,tRNA
0.8372093023255814,tRNA
0.7906976744186046,tRNA
0.9302325581395349,tRNA
1.0,tRNA
1.0,tRNA
0.9189189189189189,tRNA
0.8095238095238095,tRNA
0.7200000000000001,tRNA
0.8181818181818182,tRNA
0.4680851063829788,tRNA
0.06896551724137932,tRNA
0.7317073170731706,tRNA
0.7727272727272727,tRNA
0.45,tRNA
0.8717948717948718,tRNA
0.18604651162790697,tRNA
0.9523809523809523,tRNA
0.6842105263157895,tRNA
0.7317073170731706,tRNA
0.8500000000000001,tRNA
0.9767441860465117,tRNA
0.8292682926829269,tRNA
1.0,tRNA
0.9767441860465117,tRNA
0.5714285714285713,tRNA
0.8947368421052632,tRNA
0.6190476190476191,tRNA
0.7692307692307692,tRNA
0.5,tRNA
0.9500000000000001,tRNA
1.0,tRNA
0.7804878048780488,tRNA
0.5128205128205129,tRNA
0.717948717948718,tRNA
0.9,tRNA
0.3333333333333333,tRNA
0.39999999999999997,tRNA
0.3333333333333333,tRNA
0.33333333333333337,tRNA
0.9047619047619048,tRNA
0.7234042553191489,tRNA
0.5909090909090909,tRNA
0.7777777777777778,tRNA
0.5853658536585366,tRNA
0.7333333333333334,tRNA
0.9545454545454545,tRNA
0.5238095238095238,tRNA
0.7555555555555556,tRNA
0.5,tRNA
0.6857142857142857,tRNA
0.8780487804878048,tRNA
0.5454545454545454,tRNA
0.4888888888888889,tRNA
0.3111111111111111,tRNA
1.0,tRNA
0.6,tRNA
0.5806451612903226,tRNA
0.9333333333333332,tRNA
0.1818181818181818,tRNA
0.42857142857142855,tRNA
0.8717948717948718,tRNA
0.8947368421052632,tRNA
0.782608695652174,tRNA
0.8095238095238095,tRNA
0.5,tRNA
0.6923076923076923,tRNA
0.5581395348837208,tRNA
0.3333333333333333,tRNA
0.631578947368421,tRNA
0.5833333333333334,tRNA
1.0,tRNA
0.9142857142857143,tRNA
0.9523809523809523,tRNA
0.5853658536585366,tRNA
0.9767441860465117,tRNA
0.8947368421052632,tRNA
0.9767441860465117,tRNA
0.761904761904762,tRNA
0.7234042553191489,tRNA
0.5,tRNA
0.9302325581395349,tRNA
0.9767441860465117,tRNA
0.9444444444444444,tRNA
1.0,tRNA
0.5581395348837208,tRNA
0.5714285714285715,tRNA
0.7200000000000001,tRNA
0.8717948717948718,tRNA
0.7346938775510204,tRNA
0.7441860465116279,tRNA
0.23255813953488372,tRNA
0.9767441860465117,tRNA
0.7441860465116279,tRNA
0.37037037037037035,tRNA
0.5806451612903226,tRNA
0.8571428571428572,tRNA
0.9777777777777777,tRNA
0.6666666666666666,tRNA
0.3333333333333333,tRNA
0.9545454545454546,tRNA
0.23529411764705882,tRNA
0.9189189189189189,tRNA
0.8,tRNA
0.8717948717948718,tRNA
0.975609756097561,tRNA
1.0,tRNA
0.7619047619047619,tRNA
0.8717948717948718,tRNA
0.27586206896551724,tRNA
0.75,tRNA
0.9500000000000001,tRNA
0.4888888888888889,tRNA
0.6222222222222222,tRNA
0.48648648648648646,tRNA
1.0,tRNA
0.39999999999999997,tRNA
1.0,tRNA
0.3333333333333333,tRNA
0.8717948717948718,tRNA
0.9545454545454545,tRNA
0.6206896551724138,tRNA
0.5106382978723405,tRNA
0.9767441860465117,tRNA
0.631578947368421,tRNA
0.8095238095238095,tRNA
0.6315789473684211,tRNA
0.8500000000000001,tRNA
0.7906976744186046,tRNA
0.55,tRNA
1.0,tRNA
0.8181818181818182,tRNA
0.45454545454545453,tRNA
0.6956521739130435,tRNA
0.5714285714285714,tRNA
0.9189189189189189,tRNA
0.5116279069767442,tRNA
0.8108108108108107,tRNA
0.8421052631578947,tRNA
0.46511627906976744,tRNA
1.0,tRNA
0.9767441860465117,tRNA
0.9777777777777777,tRNA
0.8571428571428571,tRNA
0.9767441860465117,tRNA
0.7317073170731706,tRNA
0.5217391304347826,tRNA
0.3333333333333333,tRNA
0.5853658536585366,tRNA
0.8000000000000002,tRNA
1.0,tRNA
0.5238095238095238,tRNA
1.0,tRNA
0.6206896551724138,tRNA
0.5106382978723405,tRNA
0.9523809523809523,tRNA
0.7894736842105262,tRNA
0.0,tRNA
0.4186046511627907,tRNA
0.6,tRNA
0.37037037037037035,tRNA
0.4444444444444445,tRNA
0.47619047619047616,tRNA
0.8181818181818182,tRNA
0.782608695652174,tRNA
0.48888888888888893,tRNA
0.6060606060606061,tRNA
0.5365853658536585,tRNA
0.975609756097561,tRNA
0.6829268292682926,tRNA
0.3333333333333333,tRNA
0.5333333333333332,tRNA
0.9,tRNA
0.975609756097561,tRNA
0.42857142857142855,tRNA
0.7692307692307692,srp
0.9459459459459458,srp
0.5903614457831325,srp
0.7540983606557378,srp
0.8390804597701149,srp
0.9629629629629629,srp
0.7319587628865979,srp
0.5482233502538072,srp
0.0,srp
0.9090909090909091,srp
0.7887323943661971,srp
0.9367088607594937,srp
0.8787878787878788,srp
0.1935483870967742,srp
0.29508196721311475,srp
0.15053763440860213,srp
0.8656716417910447,srp
0.9333333333333335,srp
0.28571428571428575,srp
0.777142857142857,srp
0.9333333333333333,srp
0.0,srp
0.8169014084507044,srp
0.3888888888888889,srp
0.5818181818181818,srp
1.0,srp
0.369047619047619,srp
0.9444444444444445,srp
0.6127167630057804,srp
0.8787878787878788,srp
0.0,srp
0.9367088607594938,srp
0.0,srp
0.6067415730337079,srp
0.8095238095238095,srp
0.5031446540880503,srp
0.9444444444444445,srp
0.0,srp
0.8512820512820514,srp
0.8787878787878788,srp
0.6574074074074074,srp
0.15384615384615385,srp
1.0,srp
0.6775510204081633,srp
0.7924528301886793,srp
0.896551724137931,srp
0.7444444444444445,srp
0.2769230769230769,srp
0.12244897959183673,srp
0.708860759493671,srp
0.24561403508771928,srp
0.8985507246376812,srp
0.6896551724137931,srp
0.9310344827586207,srp
0.778523489932886,srp
0.7368421052631577,srp
0.9206349206349206,srp
0.33557046979865773,srp
0.6432160804020101,srp
0.603174603174603,srp
0.4444444444444444,srp
0.8627450980392156,srp
0.9206349206349207,srp
0.76,srp
0.9308755760368663,srp
0.9054726368159205,srp
0.8928571428571429,srp
0.5365853658536586,srp
0.9447236180904524,srp
0.603174603174603,srp
0.7472527472527473,srp
0.7553191489361704,srp
0.2545454545454546,srp
0.15053763440860213,srp
0.7761194029850745,srp
0.0,srp
0.6331658291457286,srp
0.7936507936507936,srp
0.8695652173913043,srp
0.0,srp
0.4551282051282051,srp
0.7234042553191489,srp
0.6601941747572815,srp
0.6329113924050633,srp
0.35294117647058826,srp
0.7428571428571429,srp
0.4357541899441341,srp
0.2545454545454546,srp
0.8636363636363636,srp
0.7222222222222222,srp
0.7346938775510203,srp
0.9508196721311476,srp
0.603174603174603,srp
0.5263157894736843,srp
0.1754385964912281,srp
0.7653061224489796,srp
0.574712643678161,srp
0.9206349206349207,srp
0.8235294117647058,srp
0.9035532994923858,srp
0.09696969696969697,srp
0.6428571428571429,srp
0.0,srp
0.72,srp
0.0,srp
0.8787878787878788,srp
0.0,srp
0.8115942028985507,srp
0.8571428571428571,srp
0.5128205128205128,srp
0.7499999999999999,srp
0.708860759493671,srp
0.7526881720430109,srp
0.7843137254901961,srp
0.7272727272727274,srp
0.1818181818181818,srp
0.0,srp
0.21428571428571427,srp
0.6178010471204188,srp
0.9458128078817734,srp
0.7888888888888889,srp
0.8405797101449276,srp
0.9367088607594938,srp
0.9206349206349206,srp
0.25,srp
0.9459459459459458,srp
0.6860465116279069,srp
0.1515151515151515,srp
0.7121951219512195,srp
0.0,srp
0.75,srp
0.0,srp
0.3582089552238806,srp
0.0,srp
0.8795811518324607,srp
0.9547738693467336,srp
0.7488151658767772,srp
0.9491525423728815,srp
1.0,srp
0.0,srp
0.3439490445859873,srp
0.9367088607594938,srp
0.8399999999999999,srp
0.0,srp
0.0,srp
0.7692307692307692,srp
0.6153846153846153,srp
0.4137931034482759,srp
0.5913978494623655,srp
0.0,srp
0.0,srp
1.0,srp
0.7830687830687831,srp
0.7499999999999999,srp
0.6785714285714285,srp
0.7666666666666667,srp
0.9206349206349207,srp
0.7039106145251396,srp
0.09374999999999999,srp
0.9523809523809523,srp
0.8390804597701149,srp
0.17857142857142858,srp
0.9447236180904524,srp
0.6881720430107526,srp
0.24489795918367344,srp
0.9433962264150945,srp
0.3827751196172249,srp
0.45161290322580644,srp
0.736842105263158,srp
0.35151515151515156,srp
0.8316831683168316,srp
0.3174603174603175,srp
0.625,srp
0.7317073170731708,srp
0.6019417475728156,srp
0.8041237113402062,srp
0.7902439024390243,srp
0.603174603174603,srp
0.5675675675675675,srp
0.20915032679738563,srp
0.8787878787878788,srp
0.425531914893617,srp
0.14545454545454545,srp
0.3103448275862069,srp
0.7916666666666666,srp
0.7630057803468209,srp
0.5408163265306122,srp
0.827906976744186,srp
0.0,srp
0.6741573033707866,srp
0.26865671641791045,srp
0.4945054945054945,srp
0.6127167630057804,srp
0.6666666666666667,srp
0.34375,srp
0.3448275862068965,srp
0.3529411764705882,srp
0.8571428571428571,srp
0.5639344262295082,srp
0.512,srp
0.15999999999999998,srp
0.9210526315789475,srp
0.816326530612245,srp
1.0,srp
1.0,srp
0.8354430379746836,srp
0.06451612903225806,srp
0.0909090909090909,srp
0.7288888888888888,srp
0.8390243902439024,srp
0.708860759493671,srp
0.7909604519774012,srp
0.5454545454545455,srp
0.8749999999999999,srp
0.5960264900662251,srp
0.14545454545454545,srp
0.7341772151898734,srp
0.9565217391304348,srp
0.703030303030303,srp
0.8795811518324607,srp
0.9577464788732395,srp
0.7448979591836735,srp
0.24561403508771928,srp
0.0,srp
0.1917808219178082,srp
0.9523809523809523,srp
0.3888888888888889,srp
0.0,srp
0.16129032258064516,srp
0.7473684210526316,srp
0.0,srp
0.8235294117647058,srp
0.9206349206349207,srp
0.46153846153846156,srp
0.8282828282828283,srp
0.7000000000000001,srp
0.41666666666666663,srp
0.5906735751295336,srp
0.14545454545454545,srp
0.04678362573099415,srp
0.8532110091743119,srp
0.6,srp
0.4666666666666667,srp
0.8787878787878788,srp
0.6596858638743456,srp
0.8923076923076922,srp
0.4186046511627907,srp
0.6818181818181819,srp
0.3174603174603175,srp
1.0,srp
0.7692307692307692,srp
0.5217391304347826,srp
0.7373737373737375,srp
0.6181818181818182,srp
0.8787878787878788,srp
0.603174603174603,srp
0.6991869918699187,srp
0.0,srp
0.8868778280542987,srp
0.5862068965517241,srp
0.0,srp
0.0,srp
0.7647058823529412,srp
0.6713286713286714,srp
0.8695652173913043,srp
0.8636363636363636,srp
0.29508196721311475,srp
0.6923076923076923,srp
0.923076923076923,srp
0.7317073170731708,srp
0.7106598984771574,srp
1.0,srp
0.8979591836734695,srp
0.27272727272727276,srp
0.0,srp
0.2678571428571429,srp
0.6790123456790124,srp
0.9577464788732395,srp
0.0,srp
0.5568181818181818,srp
0.9459459459459458,srp
0.6910994764397906,srp
0.0,srp
0.8512820512820514,srp
0.8627450980392156,srp
0.5482233502538072,srp
0.29739776951672864,srp
0.708860759493671,srp
0.5733333333333333,srp
0.8095238095238095,srp
0.9367088607594937,srp
0.4583333333333333,srp
0.8000000000000002,srp
0.8342857142857144,srp
0.45348837209302323,srp
0.7425149700598802,srp
0.7551020408163265,srp
0.6181818181818182,srp
0.9433962264150945,srp
0.5174129353233832,srp
0.6019417475728156,srp
0.1754385964912281,srp
0.7845303867403315,srp
0.7761194029850745,srp
0.7,srp
0.14545454545454545,srp
0.7945205479452055,srp
0.0,srp
0.9577464788732395,srp
0.9019607843137256,srp
0.30000000000000004,srp
0.29508196721311475,srp
0.6944444444444444,srp
0.0,srp
0.7956989247311826,srp
0.6666666666666667,srp
0.612099644128114,srp
0.2545454545454546,srp
0.5792349726775956,srp
0.8636363636363636,srp
0.5875706214689267,srp
0.6218487394957983,srp
0.9583333333333334,srp
0.703030303030303,srp
0.4074074074074074,srp
0.9565217391304348,srp
0.0851063829787234,srp
0.8163265306122449,srp
0.0,srp
0.5566037735849058,srp
0.35838150289017345,srp
0.7500000000000001,srp
0.6881720430107526,srp
0.9577464788732395,srp
0.5082872928176795,srp
0.9019607843137256,srp
0.6933333333333334,srp
0.7169811320754718,srp
0.0,srp
0.8512820512820514,srp
0.5918367346938775,srp
0.8252427184466018,srp
0.9285714285714286,srp
0.7317073170731708,srp
0.782608695652174,srp
0.2138364779874214,srp
0.425531914893617,srp
0.5176470588235293,srp
1.0,srp
0.5906735751295338,srp
0.8292682926829269,srp
0.1818181818181818,srp
0.9180327868852459,srp
0.5235602094240838,srp
0.3829787234042554,srp
0.4137931034482759,srp
0.5454545454545454,srp
0.29090909090909084,srp
0.7745664739884394,srp
0.7532467532467532,srp
0.18867924528301888,srp
0.044444444444444446,srp
0.29508196721311475,srp
0.6096256684491977,srp
0.782608695652174,srp
0.7346938775510203,srp
0.8219178082191781,srp
0.6521739130434783,srp
0.0,srp
0.6881720430107526,srp
0.6075949367088608,srp
0.7953216374269007,srp
0.9367088607594938,srp
0.8955223880597014,srp
0.3529411764705882,srp
0.5714285714285714,srp
0.9565217391304348,srp
0.9180327868852459,srp
0.4411764705882353,srp
0.8627450980392156,srp
0.5108695652173912,srp
0.8152173913043479,srp
0.7159090909090908,srp
0.619718309859155,srp
0.0,srp
0.5291005291005291,srp
0.603174603174603,srp
0.36486486486486486,srp
0.0,srp
0.7457627118644068,srp
0.5333333333333333,srp
0.822429906542056,srp
0.6933333333333334,srp
0.42857142857142855,srp
0.923076923076923,srp
0.10714285714285714,srp
0.7761194029850748,srp
0.972972972972973,srp
0.9367088607594938,srp
0.7745664739884394,srp
0.15204678362573099,srp
0.8066298342541437,srp
0.16216216216216214,srp
0.5800000000000001,srp
0.634920634920635,srp
0.29508196721311475,srp
0.8300000000000002,srp
0.6666666666666666,srp
0.6984126984126984,srp
0.6865671641791044,srp
0.5454545454545455,srp
0.0,srp
0.7272727272727273,srp
0.6049382716049383,srp
0.68,srp
0.4081632653061225,srp
0.8875739644970415,srp
0.7222222222222222,srp
0.634920634920635,srp
0.1818181818181818,srp
0.923076923076923,srp
0.3333333333333333,srp
0.9367088607594938,srp
0.24175824175824176,srp
0.25,srp
0.55,srp
0.935064935064935,srp
0.5942857142857143,srp
0.7195767195767195,srp
0.8750000000000001,srp
0.9367088607594938,srp
0.847926267281106,srp
0.0,srp
0.07272727272727272,srp
0.3835616438356164,srp
0.15384615384615385,srp
0.8181818181818182,srp
0.603174603174603,srp
0.05825242718446602,srp
0.7472527472527473,srp
0.7142857142857143,srp
0.7462686567164178,srp
0.8787878787878787,srp
0.696629213483146,srp
0.8699999999999999,srp
0.8656716417910447,srp
0.8390804597701149,srp
0.7209302325581395,srp
0.635897435897436,srp
0.7,srp
0.0,srp
0.24561403508771928,srp
0.19540229885057472,srp
0.7636363636363638,srp
0.5625,srp
0.0,srp
0.7941176470588236,srp
0.35999999999999993,srp
0.6974358974358974,srp
0.8076923076923077,srp
0.9367088607594938,srp
0.634920634920635,srp
0.8167539267015708,srp
0.8571428571428571,srp
0.33557046979865773,srp
0.0,srp
0.8666666666666667,srp
0.2857142857142857,srp
0.0,srp
0.8695652173913043,srp
0.29032258064516125,srp
0.8512820512820514,srp
0.9275362318840579,srp
0.5263157894736843,srp
0.5499999999999999,srp
0.33879781420765026,srp
0.6630434782608695,srp
0.45045045045045046,srp
0.9206349206349206,srp
0.14545454545454545,srp
0.8695652173913043,srp
0.8695652173913043,srp
0.9459459459459458,srp
0.0,srp
0.5502645502645503,srp
0.8867924528301887,srp
0.45161290322580644,srp
0.839622641509434,srp
0.923076923076923,srp
0.392156862745098,srp
0.6358381502890174,srp
0.776595744680851,srp
0.6634146341463414,srp
0.7292817679558011,srp
0.64,srp
0.6521739130434782,srp
0.8160919540229885,srp
0.5494505494505495,srp
0.6,srp
0.5363128491620112,srp
0.6000000000000001,srp
0.4074074074074074,srp
0.7435897435897435,srp
0.4873096446700507,srp
0.823529411764706,srp
0.6881720430107526,srp
0.9230769230769231,srp
0.0,srp
0.2111801242236025,srp
0.0,srp
0.28571428571428575,srp
0.0,srp
0.6122448979591837,srp
0.6486486486486487,srp
0.369047619047619,srp
0.7169811320754716,srp
0.0,srp
0.574468085106383,srp
0.6305418719211822,srp
0.7346938775510203,srp
0.6634146341463414,srp
0.5373134328358209,srp
0.6818181818181819,srp
0.6881720430107526,srp
0.8172043010752688,srp
0.8878048780487806,srp
0.23728813559322032,srp
0.6910994764397906,srp
0.0909090909090909,srp
0.7839195979899498,srp
0.7916666666666666,srp
0.6881720430107526,srp
0.0,srp
0.6203208556149732,srp
0.9,srp
0.576923076923077,srp
0.28571428571428575,srp
0.5955056179775282,srp
0.9444444444444445,srp
0.4166666666666667,srp
0.75,srp
0.4074074074074074,srp
0.7081339712918661,srp
0.6785714285714285,srp
0.6333333333333334,srp
0.0909090909090909,srp
0.21935483870967742,srp
0.823529411764706,srp
0.8888888888888888,srp
0.4210526315789474,srp
0.6770833333333334,srp
0.7956989247311826,srp
0.0,srp
0.22222222222222218,srp
0.9,srp
0.1748633879781421,srp
0.96875,srp
0.7384615384615385,srp
0.3174603174603175,srp
0.6744186046511628,srp
0.9459459459459458,srp
0.5641025641025641,srp
0.8095238095238095,srp
1.0,srp
0.5333333333333333,srp
0.2545454545454546,srp
0.0,srp
0.6129032258064515,srp
0.7222222222222222,srp
0.6839378238341969,srp
0.5396825396825397,srp
0.7761194029850745,srp
0.718232044198895,srp
0.8512820512820514,srp
0.7005076142131981,srp
0.7636363636363638,srp
0.2807017543859649,srp
0.8202764976958524,srp
0.1111111111111111,srp
0.7272727272727273,srp
0.2545454545454546,srp
0.68,srp
0.4230769230769231,srp
0.7222222222222222,srp
0.9035087719298246,srp
0.8994708994708995,srp
0.5482233502538072,srp
0.5217391304347826,srp
0.8955223880597014,srp
0.9180327868852459,srp
0.24561403508771928,srp
0.35999999999999993,srp
0.08333333333333333,srp
0.28571428571428575,srp
0.6329113924050633,srp
0.6187845303867403,srp
0.7446808510638298,srp
0.731958762886598,srp
0.4444444444444444,srp
0.8974358974358975,srp
0.9367088607594938,srp
0.35999999999999993,srp
0.0,srp
0.8787878787878788,srp
0.1818181818181818,srp
0.8333333333333334,srp
0.7222222222222222,srp
0.5189873417721518,srp
0.8333333333333333,srp
0.0909090909090909,srp
0.7727272727272727,srp
0.9411764705882353,srp
0.8292682926829269,srp
0.8023952095808383,srp
0.7475728155339805,srp
0.5786802030456852,srp
0.6666666666666666,srp
0.8749999999999999,srp
0.07486631016042782,srp
0.821917808219178,srp
0.38787878787878793,srp
0.9367088607594938,srp
0.7222222222222222,srp
0.5675675675675675,srp
0.8115942028985507,srp
0.7837837837837838,srp
0.5454545454545454,srp
0.6551724137931035,srp
0.9491525423728815,srp
0.9253731343283583,srp
0.7474747474747475,srp
0.6900000000000001,srp
0.5714285714285714,srp
0.1935483870967742,srp
0.25,srp
0.425531914893617,srp
0.9253731343283583,srp
0.8955223880597014,srp
0.0,srp
0.0,srp
0.6971428571428572,srp
0.0,srp
0.25,srp
0.0,srp
0.9722222222222222,srp
0.17341040462427745,srp
0.8627450980392156,srp
0.0,srp
0.26666666666666666,srp
0.18867924528301885,srp
0.484472049689441,srp
0.7751196172248804,srp
0.5263157894736843,srp
0.6881720430107526,srp
0.24561403508771928,srp
0.53551912568306,srp
0.9206349206349206,srp
0.65625,srp
0.32673267326732675,srp
0.0,srp
0.634920634920635,srp
0.5502645502645503,srp
0.0,srp
0.8219178082191781,srp
0.603174603174603,srp
0.0,srp
0.6586826347305389,srp
0.8985507246376812,srp
0.9722222222222222,srp
0.7391304347826089,srp
0.7106598984771574,srp
0.8955223880597014,srp
0.5030674846625767,srp
0.7619047619047619,srp
0.1754385964912281,srp
0.9367088607594938,srp
0.48175182481751827,srp
0.7630057803468209,srp
0.68,srp
0.49275362318840576,srp
0.7216494845360825,srp
0.8985507246376812,srp
0.5291005291005291,srp
0.72,srp
0.8202764976958524,srp
0.9491525423728815,srp
0.0,srp
0.6666666666666666,srp
0.7938144329896907,srp
0.9,srp
0.6933333333333334,srp
0.8095238095238095,srp
0.8115942028985507,srp
0.7346938775510203,srp
0.8787878787878788,srp
0.8372093023255814,srp
0.0,srp
0.9583333333333334,srp
0.9275362318840579,srp
0.15625,srp
0.7549019607843137,srp
0.670391061452514,srp
0.0,srp
0.36,srp
0.5130890052356021,srp
0.8787878787878788,srp
0.8410256410256411,srp
0.5031446540880503,srp
0.782608695652174,srp
0.8333333333333333,srp
0.4444444444444445,srp
0.8359788359788359,srp
0.9577464788732395,srp
1.0,srp
0.2545454545454546,srp
0.33333333333333337,srp
0.708860759493671,srp
0.7605633802816901,srp
0.0,srp
0.24561403508771928,srp
0.797979797979798,srp
0.3050847457627119,srp
0.31428571428571433,srp
0.425531914893617,srp
0.8390804597701149,srp
0.8181818181818182,srp
0.6634146341463414,srp
0.3724137931034483,srp
0.535031847133758,srp
0.8787878787878788,srp
0.7777777777777778,srp
0.0967741935483871,srp
0.4307692307692308,srp
0.8169014084507044,srp
0.7547169811320754,srp
0.9500000000000001,srp
0.6623376623376622,srp
0.5625,srp
0.6859903381642513,srp
0.0,srp
1.0,srp
0.593939393939394,srp
0.9538461538461539,srp
0.5588235294117647,srp
0.5235602094240838,srp
0.2545454545454546,srp
0.7482014388489209,srp
0.9367088607594938,srp
0.3098591549295775,srp
0.8974358974358975,srp
0.8354430379746836,srp
0.0,srp
0.6395348837209303,srp
0.7835051546391752,srp
0.7435897435897435,srp
0.21476510067114093,srp
0.8059701492537314,srp
0.8955223880597014,srp
0.5499999999999999,srp
0.8510638297872342,srp
0.11764705882352941,srp
0.0,srp
0.7209302325581395,srp
0.7435897435897435,srp
0.8787878787878788,srp
0.8354430379746836,srp
0.6538461538461539,srp
0.7761194029850745,srp
0.7738693467336684,srp
0.4166666666666667,srp
0.6153846153846153,srp
0.8269230769230769,srp
0.6956521739130435,srp
0.763819095477387,srp
0.8656716417910447,srp
0.5000000000000001,srp
0.6881720430107526,srp
0.7450980392156863,srp
0.19672131147540983,srp
0.0,srp
0.5918367346938775,srp
0.77,srp
0.5396825396825397,srp
0.8787878787878788,srp
0.0,srp
0.0,srp
0.7317073170731708,srp
0.5482233502538072,srp
0.15873015873015872,srp
0.2545454545454546,srp
0.46808510638297873,srp
0.9259259259259259,srp
0.40816326530612246,srp
0.7980295566502462,srp
1.0,srp
0.5240641711229947,srp
0.7346938775510203,srp
0.7314285714285715,srp
0.3333333333333333,srp
0.7916666666666666,srp
0.7169811320754716,srp
0.9577464788732395,srp
0.8260869565217391,srp
0.7071823204419889,srp
0.9206349206349207,srp
0.603174603174603,srp
0.7513227513227513,srp
0.9375,srp
0.8900523560209425,srp
0.6256983240223464,srp
0.4851485148514851,srp
0.6181818181818182,srp
0.09696969696969697,srp
0.7346938775510203,srp
0.6096256684491977,srp
1.0,srp
0.923076923076923,srp
0.07407407407407407,srp
0.0,srp
0.6619718309859155,srp
0.8169014084507044,srp
0.7924528301886793,srp
0.8354430379746836,srp
0.760233918128655,srp
0.8571428571428572,srp
0.06382978723404255,srp
0.45197740112994345,srp
0.45595854922279794,srp
0.7716535433070867,srp
0.7638190954773869,srp
0.6967741935483871,srp
0.7156862745098039,srp
0.5797101449275363,srp
0.7720930232558139,srp
0.6021505376344086,srp
0.1818181818181818,srp
0.9846153846153847,srp
0.430939226519337,srp
0.0,srp
0.708860759493671,srp
0.31999999999999995,srp
0.7090909090909091,srp
0.5964912280701754,srp
0.7272727272727273,srp
0.6244725738396625,srp
0.29508196721311475,srp
1.0,srp
0.6933333333333334,srp
0.5671641791044776,srp
0.0,srp
0.7979274611398963,srp
0.814070351758794,srp
0.33783783783783783,srp
0.23376623376623376,srp
0.8235294117647058,srp
0.9454545454545454,srp
0.8867924528301887,srp
0.6918918918918919,srp
0.8656716417910447,srp
0.8040201005025125,srp
0.708860759493671,srp
0.19895287958115182,srp
0.6428571428571429,srp
0.42857142857142855,srp
0.7431693989071038,srp
0.7181818181818183,srp
0.43243243243243246,srp
0.24561403508771928,srp
0.6792452830188679,srp
0.923076923076923,srp
0.3829787234042554,srp
0.84375,srp
0.9367088607594938,srp
0.8928571428571429,srp
0.0,srp
0.46315789473684216,srp
0.9491525423728815,srp
0.6770833333333334,srp
0.888888888888889,srp
0.24137931034482757,srp
0.0909090909090909,srp
0.5050505050505051,srp
0.8219178082191781,srp
0.26582278481012656,srp
0.6634146341463414,srp
0.1818181818181818,srp
0.9275362318840579,srp
0.47619047619047616,srp
0.951219512195122,srp
0.0,srp
0.15384615384615383,srp
0.8787878787878788,srp
0.8269230769230769,srp
0.8354430379746836,srp
0.6844919786096256,srp
0.5671641791044776,srp
0.1818181818181818,srp
0.5235602094240838,srp
0.6634146341463414,srp
0.7772020725388602,srp
0.8571428571428572,srp
0.125,srp
0.525,srp
0.8307692307692307,srp
0.5502645502645503,srp
0.0,srp
0.5181347150259067,srp
0.7035175879396985,srp
0.7,srp
0.8636363636363636,srp
0.670391061452514,srp
0.708860759493671,srp
0.4262295081967213,srp
0.0,srp
0.0,srp
0.0,srp
0.0,srp
0.0,srp
0.49230769230769234,grp1
0.748898678414097,grp1
0.4491525423728814,grp1
0.7305936073059361,grp1
0.8195488721804511,grp1
0.45378151260504196,grp1
0.5102040816326531,grp1
0.8174603174603176,grp1
0.6724137931034483,grp1
0.5669291338582677,grp1
0.7752808988764045,grp1
0.4396551724137931,grp1
0.4864864864864865,grp1
0.6967741935483871,grp1
0.7264150943396227,grp1
0.8188976377952756,grp1
0.09009009009009009,grp1
0.4444444444444445,grp1
0.6141078838174274,grp1
0.3111111111111111,grp1
0.8188976377952757,grp1
0.5714285714285714,grp1
0.5092250922509226,grp1
0.516949152542373,grp1
0.7867298578199053,grp1
0.6581196581196581,grp1
0.6550218340611353,grp1
0.26881720430107525,grp1
0.627450980392157,grp1
0.6250000000000001,grp1
0.5128205128205128,grp1
0.7470817120622568,grp1
0.8721804511278196,grp1
0.9348659003831418,grp1
0.45320197044334976,grp1
0.5933014354066986,grp1
0.7711864406779662,grp1
0.10619469026548672,grp1
0.8137931034482758,grp1
0.6630434782608696,grp1
0.7702702702702704,grp1
0.1897810218978102,grp1
0.14689265536723164,grp1
0.516949152542373,grp1
0.8468468468468469,grp1
0.8936170212765957,grp1
0.6060606060606061,grp1
0.6307692307692307,grp1
0.6637554585152838,grp1
0.384,grp1
0.43445692883895126,grp1
0.5205479452054794,grp1
0.5673758865248227,grp1
0.0,grp1
0.7545787545787546,grp1
0.608695652173913,grp1
0.5655737704918032,grp1
0.5907172995780591,grp1
0.45685279187817257,grp1
0.6446280991735538,grp1
0.564102564102564,grp1
0.5714285714285714,grp1
0.13496932515337426,grp1
0.6622516556291391,grp1
0.7545787545787546,grp1
0.7575757575757576,grp1
0.8376068376068375,grp1
0.5132075471698113,grp1
0.728,grp1
0.5681818181818181,grp1
0.7407407407407408,grp1
0.7317073170731706,grp1
0.8188976377952756,grp1
0.43434343434343436,grp1
0.6837606837606838,RNaseP
0.606060606060606,RNaseP
0.5425531914893617,RNaseP
0.7012987012987013,RNaseP
0.7288135593220338,RNaseP
0.4867724867724868,RNaseP
0.6504854368932039,RNaseP
0.6568627450980392,RNaseP
0.2531645569620253,RNaseP
0.4969696969696969,RNaseP
0.5592417061611374,RNaseP
0.5350877192982456,RNaseP
0.6526315789473685,RNaseP
0.7435897435897435,RNaseP
0.5483870967741935,RNaseP
0.4862385321100917,RNaseP
0.6039603960396039,RNaseP
0.5454545454545454,RNaseP
0.7363636363636362,RNaseP
0.6030150753768844,RNaseP
0.5234899328859061,RNaseP
0.6923076923076924,RNaseP
0.8,RNaseP
0.4840764331210191,RNaseP
0.6200873362445415,RNaseP
0.5,RNaseP
0.7402597402597403,RNaseP
0.6575342465753424,RNaseP
0.5256410256410257,RNaseP
0.5700934579439252,RNaseP
0.06944444444444445,RNaseP
0.5525291828793774,RNaseP
0.6301369863013699,RNaseP
0.4487179487179487,RNaseP
0.762589928057554,RNaseP
0.782122905027933,RNaseP
0.543046357615894,RNaseP
0.5714285714285713,RNaseP
0.4551724137931034,RNaseP
0.7104247104247104,RNaseP
0.2603550295857988,RNaseP
0.6225165562913907,RNaseP
0.7075471698113208,RNaseP
0.5592417061611374,RNaseP
0.5584415584415584,RNaseP
0.4615384615384615,RNaseP
0.759493670886076,RNaseP
0.6861313868613138,RNaseP
0.759493670886076,RNaseP
0.3235294117647059,RNaseP
0.37962962962962965,RNaseP
0.5851528384279476,RNaseP
0.4200913242009132,RNaseP
0.47407407407407404,RNaseP
0.5730994152046783,RNaseP
0.6257668711656442,RNaseP
0.5232558139534884,RNaseP
0.7008547008547009,RNaseP
0.4722222222222222,RNaseP
0.711340206185567,RNaseP
0.3236994219653179,RNaseP
0.75,RNaseP
0.4528301886792453,RNaseP
0.44067796610169496,RNaseP
0.546875,RNaseP
0.5135135135135135,RNaseP
0.5251396648044694,RNaseP
0.072992700729927,RNaseP
0.4948453608247423,RNaseP
0.6826347305389221,RNaseP
0.5625,RNaseP
0.3548387096774193,RNaseP
0.5963302752293578,RNaseP
0.6783625730994152,RNaseP
0.18181818181818185,RNaseP
0.5482233502538072,RNaseP
0.782122905027933,RNaseP
0.5578947368421053,RNaseP
0.7373737373737373,RNaseP
0.6756756756756758,RNaseP
0.223463687150838,RNaseP
0.5416666666666667,RNaseP
0.47513812154696133,RNaseP
0.25423728813559326,RNaseP
0.6985645933014354,RNaseP
0.4615384615384615,RNaseP
0.3813229571984436,RNaseP
0.6804123711340205,RNaseP
0.6424242424242425,RNaseP
0.6260162601626016,RNaseP
0.47826086956521746,RNaseP
0.6604651162790697,RNaseP
0.41530054644808745,RNaseP
0.19689119170984454,RNaseP
0.1925925925925926,RNaseP
0.33121019108280253,RNaseP
0.5784313725490196,RNaseP
0.464,RNaseP
0.7630057803468209,RNaseP
0.5350877192982456,RNaseP
0.5693430656934307,RNaseP
0.761904761904762,RNaseP
0.5789473684210527,RNaseP
0.6440677966101694,RNaseP
0.6995073891625616,RNaseP
0.4551724137931034,RNaseP
0.45,RNaseP
0.5784313725490196,RNaseP
0.4563106796116505,RNaseP
0.4512820512820513,RNaseP
0.7500000000000001,RNaseP
0.6443514644351465,RNaseP
0.5806451612903227,RNaseP
0.6703296703296703,RNaseP
0.6768060836501901,RNaseP
0.40659340659340665,RNaseP
0.2983425414364641,RNaseP
0.41489361702127653,RNaseP
0.5033112582781457,RNaseP
0.6666666666666666,RNaseP
0.07575757575757576,RNaseP
0.6486486486486486,RNaseP
0.918918918918919,RNaseP
0.3448275862068965,RNaseP
0.39795918367346944,RNaseP
0.6344827586206897,RNaseP
0.5125628140703518,RNaseP
0.7192118226600985,RNaseP
0.5125000000000001,RNaseP
0.6451612903225806,RNaseP
0.7357512953367876,RNaseP
0.6930693069306931,RNaseP
0.6256410256410256,RNaseP
0.7319148936170214,RNaseP
0.4776119402985075,RNaseP
0.632183908045977,RNaseP
0.6329113924050632,RNaseP
0.7335640138408305,RNaseP
0.5836909871244635,RNaseP
0.44554455445544555,RNaseP
0.7415730337078651,RNaseP
0.47500000000000003,RNaseP
0.6804123711340208,RNaseP
0.5949367088607594,RNaseP
0.5447761194029851,RNaseP
0.4615384615384615,RNaseP
0.0958904109589041,RNaseP
0.7192118226600985,RNaseP
0.6335403726708073,RNaseP
0.2714285714285714,RNaseP
0.5689655172413793,RNaseP
0.5032258064516129,RNaseP
0.6847826086956522,RNaseP
0.7288135593220338,RNaseP
0.5608465608465608,RNaseP
0.7127659574468086,RNaseP
0.721153846153846,RNaseP
0.6331658291457286,RNaseP
0.625,RNaseP
0.6352941176470588,RNaseP
0.4796380090497738,RNaseP
0.6125,RNaseP
0.41081081081081083,RNaseP
0.5161290322580645,RNaseP
0.584070796460177,RNaseP
0.7166666666666668,RNaseP
0.5688073394495413,RNaseP
0.5647058823529413,RNaseP
0.6231155778894472,RNaseP
0.28571428571428575,RNaseP
0.42105263157894735,RNaseP
0.058823529411764705,RNaseP
0.7108433734939759,RNaseP
0.568421052631579,RNaseP
0.7537688442211055,RNaseP
0.6315789473684211,RNaseP
0.7034482758620688,RNaseP
0.455026455026455,RNaseP
0.5714285714285714,RNaseP
0.5555555555555556,RNaseP
0.6033519553072626,RNaseP
0.4397905759162304,RNaseP
0.6440677966101694,RNaseP
0.6308724832214766,RNaseP
0.5201793721973095,RNaseP
0.5429864253393665,RNaseP
0.31137724550898205,RNaseP
0.7488986784140969,RNaseP
0.4761904761904762,RNaseP
0.5077720207253886,RNaseP
0.144,RNaseP
0.5732484076433121,RNaseP
0.35714285714285715,RNaseP
0.44578313253012053,RNaseP
0.5161290322580645,RNaseP
0.6390532544378699,RNaseP
0.42105263157894735,RNaseP
0.7108433734939759,RNaseP
0.4740740740740741,RNaseP
0.45833333333333326,RNaseP
0.5917159763313609,RNaseP
0.6153846153846154,RNaseP
0.680628272251309,RNaseP
0.13559322033898308,RNaseP
0.18045112781954883,RNaseP
0.41496598639455784,RNaseP
0.5773195876288659,RNaseP
0.4,RNaseP
0.3229813664596273,RNaseP
0.7863247863247864,RNaseP
0.6666666666666666,RNaseP
0.39252336448598124,RNaseP
0.7294117647058824,RNaseP
0.5142857142857142,RNaseP
0.7955801104972374,RNaseP
0.7166666666666668,RNaseP
0.4175824175824176,RNaseP
0.0,RNaseP
0.7311827956989247,RNaseP
0.5,RNaseP
0.5731707317073171,RNaseP
0.6748466257668713,RNaseP
0.18784530386740333,RNaseP
0.5290322580645161,RNaseP
0.7251461988304094,RNaseP
0.6867469879518072,RNaseP
0.6455696202531646,RNaseP
0.7368421052631577,RNaseP
0.4967320261437909,RNaseP
0.7264957264957265,RNaseP
0.4551724137931034,RNaseP
0.5432098765432098,RNaseP
0.5652173913043478,RNaseP
0.6094420600858369,RNaseP
0.6717557251908397,RNaseP
0.3563218390804597,RNaseP
0.5695364238410596,RNaseP
0.8178438661710038,RNaseP
0.5131578947368421,RNaseP
0.18579234972677597,RNaseP
0.7500000000000001,RNaseP
0.5384615384615384,RNaseP
0.6064516129032258,RNaseP
0.5592417061611374,RNaseP
0.5567010309278351,RNaseP
0.3458646616541353,RNaseP
0.5870646766169155,RNaseP
0.4419889502762431,RNaseP
0.5844155844155844,RNaseP
0.6666666666666666,RNaseP
0.5863874345549739,RNaseP
0.5555555555555556,RNaseP
0.4976958525345622,RNaseP
0.7313432835820896,RNaseP
0.5343511450381679,RNaseP
0.46808510638297873,RNaseP
0.5029940119760479,RNaseP
0.7,RNaseP
0.6308724832214765,RNaseP
0.6504854368932039,RNaseP
0.7100591715976331,RNaseP
0.6582278481012659,RNaseP
0.594059405940594,RNaseP
0.5869565217391305,RNaseP
0.6859903381642511,RNaseP
0.6745562130177515,RNaseP
0.6666666666666666,RNaseP
0.619718309859155,RNaseP
0.5350877192982456,RNaseP
0.7555555555555555,RNaseP
0.4321608040201005,RNaseP
0.5899280575539568,RNaseP
0.5862068965517242,RNaseP
0.7120418848167538,RNaseP
0.3867924528301887,RNaseP
0.4476190476190476,RNaseP
0.55,RNaseP
0.4270833333333333,RNaseP
0.7563025210084033,RNaseP
0.6262626262626262,RNaseP
0.6929133858267716,RNaseP
0.6428571428571428,RNaseP
0.5853658536585366,RNaseP
0.4385026737967915,RNaseP
0.64,RNaseP
0.6727272727272727,RNaseP
0.7945205479452055,RNaseP
0.5784313725490196,RNaseP
0.7540983606557378,RNaseP
0.4444444444444445,RNaseP
0.45962732919254656,RNaseP
0.4868421052631579,RNaseP
0.7403314917127071,RNaseP
0.6702127659574467,RNaseP
0.4456521739130435,RNaseP
0.5392156862745098,RNaseP
0.6875,RNaseP
0.39999999999999997,RNaseP
0.6232558139534883,RNaseP
0.8656716417910447,RNaseP
0.6639004149377594,RNaseP
0.5192307692307693,RNaseP
0.4931506849315069,RNaseP
0.5423728813559322,RNaseP
0.5512820512820512,RNaseP
0.5421686746987951,RNaseP
0.40449438202247195,RNaseP
0.532608695652174,RNaseP
0.7294117647058823,RNaseP
0.6385542168674698,RNaseP
0.3627906976744187,RNaseP
0.3372093023255814,RNaseP
0.7333333333333334,RNaseP
0.4423963133640553,RNaseP
0.421875,RNaseP
0.5647058823529412,RNaseP
0.7555555555555555,RNaseP
0.6701570680628272,RNaseP
0.1509433962264151,RNaseP
0.598984771573604,RNaseP
0.5806451612903225,RNaseP
0.25,RNaseP
0.6039603960396039,RNaseP
0.41999999999999993,RNaseP
0.5538461538461539,RNaseP
0.7058823529411765,RNaseP
0.5906040268456376,RNaseP
0.5,RNaseP
0.8172043010752689,RNaseP
0.6930693069306931,RNaseP
0.7704918032786885,RNaseP
0.619718309859155,RNaseP
0.7452830188679247,RNaseP
0.32044198895027626,RNaseP
0.5837320574162679,RNaseP
0.75,RNaseP
0.5039370078740157,RNaseP
0.7239263803680981,RNaseP
0.6639004149377594,RNaseP
0.6358381502890174,RNaseP
0.7241379310344828,RNaseP
0.49655172413793097,RNaseP
0.4,RNaseP
0.6419753086419753,RNaseP
0.5636363636363637,RNaseP
0.5378151260504201,RNaseP
0.6560846560846562,RNaseP
0.5403225806451613,RNaseP
0.619718309859155,RNaseP
0.28571428571428575,RNaseP
0.5844155844155844,RNaseP
0.7662337662337662,RNaseP
0.660377358490566,RNaseP
0.8349514563106796,RNaseP
0.38709677419354843,RNaseP
0.4524886877828054,RNaseP
0.6853932584269664,RNaseP
0.5308641975308641,RNaseP
0.5513513513513513,RNaseP
0.5562913907284769,RNaseP
0.40196078431372545,RNaseP
0.7319148936170214,RNaseP
0.6938775510204082,RNaseP
0.5255474452554745,RNaseP
0.7411764705882353,RNaseP
0.5870646766169154,RNaseP
0.547945205479452,RNaseP
0.5784313725490196,RNaseP
0.4161073825503355,RNaseP
0.7066666666666667,RNaseP
0.6933333333333332,RNaseP
0.564102564102564,RNaseP
0.6428571428571429,RNaseP
0.7484662576687117,RNaseP
0.5153374233128835,RNaseP
0.6989247311827957,RNaseP
0.4158415841584159,RNaseP
0.584070796460177,RNaseP
0.6846846846846846,RNaseP
0.5178571428571428,RNaseP
0.4466019417475729,RNaseP
0.6888888888888889,RNaseP
0.6578073089700996,RNaseP
0.2222222222222222,RNaseP
0.4832214765100672,RNaseP
0.7049180327868853,RNaseP
0.7468354430379747,RNaseP
0.6812227074235808,RNaseP
0.5394736842105262,RNaseP
0.46956521739130436,RNaseP
0.7564102564102564,RNaseP
0.0,RNaseP
0.6824644549763034,RNaseP
0.47457627118644063,RNaseP
0.45161290322580644,RNaseP
0.5352112676056338,RNaseP
0.7044025157232705,RNaseP
0.6799999999999999,RNaseP
0.6039603960396039,RNaseP
0.5283018867924528,RNaseP
0.6885245901639343,RNaseP
0.5844748858447489,RNaseP
0.7226890756302521,RNaseP
0.48366013071895425,RNaseP
0.5700483091787439,RNaseP
0.6778523489932886,RNaseP
0.5155555555555554,RNaseP
0.6082474226804123,RNaseP
0.6056338028169014,RNaseP
0.13526570048309178,RNaseP
0.5223880597014926,RNaseP
0.5641025641025641,RNaseP
0.6878980891719745,RNaseP
0.6468401486988848,RNaseP
0.3529411764705882,RNaseP
0.6478873239436619,RNaseP
0.4,RNaseP
0.7422680412371133,RNaseP
0.7191011235955056,RNaseP
0.6527777777777777,RNaseP
0.5784313725490196,RNaseP
0.6666666666666666,RNaseP
0.7682119205298013,RNaseP
0.5784313725490196,RNaseP
0.6559139784946236,RNaseP
0.5882352941176471,RNaseP
0.47698744769874474,RNaseP
0.6250000000000001,RNaseP
0.17592592592592593,RNaseP
0.7411764705882354,RNaseP
0.4203821656050955,RNaseP
0.5907172995780592,RNaseP
0.6320754716981132,RNaseP
0.7395833333333334,RNaseP
0.313953488372093,RNaseP
0.30263157894736836,RNaseP
0.5714285714285714,RNaseP
0.2876712328767123,RNaseP
0.11764705882352941,RNaseP
0.5357142857142858,RNaseP
0.2929292929292929,RNaseP
0.5784313725490196,RNaseP
0.8,RNaseP
0.7076923076923078,RNaseP
0.6153846153846153,RNaseP
0.4973544973544974,RNaseP
0.7559808612440192,RNaseP
0.5170068027210885,RNaseP
0.12413793103448276,RNaseP
0.5029940119760479,RNaseP
0.8246445497630331,RNaseP
0.713375796178344,RNaseP
0.4040404040404041,RNaseP
0.6456692913385828,RNaseP
0.8235294117647058,23s
0.6528497409326425,23s
0.7092198581560283,23s
0.6974358974358975,23s
0.6615384615384615,23s
0.6835443037974683,23s
0.6595744680851063,23s
0.6923076923076923,23s
0.8758169934640524,23s
0.7601809954751131,23s
0.8720379146919431,23s
0.6018518518518519,23s
0.7593582887700535,23s
0.6526315789473685,23s
0.6666666666666667,23s
0.5263157894736842,telomerase
0.39357429718875503,telomerase
0.6609442060085836,telomerase
0.46351931330472107,telomerase
0.37500000000000006,telomerase
0.34579439252336447,telomerase
0.5783132530120482,telomerase
0.5060240963855421,telomerase
0.6495726495726496,telomerase
0.4571428571428572,telomerase
0.6808510638297872,telomerase
0.5932203389830508,telomerase
0.4940239043824701,telomerase
0.4508196721311475,telomerase
0.3686274509803921,telomerase
0.4555984555984556,telomerase
0.6069651741293532,telomerase
0.7155172413793104,telomerase
0.694214876033058,telomerase
0.3306451612903225,telomerase
0.26724137931034486,telomerase
0.676056338028169,telomerase
0.7317073170731707,telomerase
0.4859813084112149,telomerase
0.504,telomerase
0.6666666666666666,telomerase
0.2523364485981308,telomerase
0.689655172413793,telomerase
0.3770491803278689,telomerase
0.5615763546798028,telomerase
0.5315315315315314,telomerase
0.4411764705882353,telomerase
0.36718749999999994,telomerase
0.6324110671936758,telomerase
0.5428571428571429,telomerase
0.5675675675675675,16s
0.942528735632184,16s
0.9549549549549549,16s
0.9333333333333332,16s
0.9876543209876543,16s
0.9647058823529412,16s
0.7801857585139318,16s
0.4,16s
0.7037037037037036,16s
0.3595505617977528,16s
0.35,16s
0.7962962962962964,16s
0.6578947368421051,16s
0.2652329749103942,16s
0.6845637583892618,16s
0.8863636363636365,16s
0.7027027027027026,16s
0.6086956521739131,16s
0.27067669172932335,16s
0.22535211267605634,16s
0.963855421686747,16s
0.049586776859504134,16s
0.47470817120622566,16s
0.7109004739336493,16s
0.08148148148148147,16s
0.8294930875576038,16s
0.9504950495049505,16s
0.7793427230046949,16s
0.8585365853658536,16s
0.5018450184501845,16s
0.9438202247191012,16s
0.375,16s
0.6133333333333333,16s
0.8571428571428572,16s
0.9347826086956522,16s
0.5714285714285715,16s
0.7253886010362693,16s
0.8333333333333333,16s
0.942528735632184,16s
0.4899598393574297,16s
0.23841059602649003,16s
0.6593406593406593,16s
0.425,16s
0.5384615384615385,16s
0.92,16s
0.13265306122448978,16s
0.09448818897637795,16s
0.7062937062937064,16s
0.6396761133603238,16s
0.38636363636363635,16s
0.0,16s
0.8411214953271028,16s
0.5563380281690141,16s
0.2,16s
0.7812500000000001,16s
0.22568093385214005,16s
0.0,16s
0.14942528735632182,16s
0.975,16s
0.42741935483870963,16s
0.8235294117647058,16s
0.716577540106952,16s
0.0,16s
0.6054421768707482,16s
0.8974358974358975,16s
0.7397260273972602,16s
